date,hour,count,cpu_perc,memory_perc
2020-05-06,0,45088,4.5088,11.272
2020-05-06,1,38818,3.8818,9.7045
2020-05-06,2,40544,4.0544,10.136000000000001
2020-05-06,3,51477,5.1477,12.869250000000001
2020-05-06,4,56094,5.6094,14.0235
2020-05-06,5,52049,5.2049,13.01225
2020-05-06,6,78840,7.884,19.71
2020-05-06,7,134621,13.462100000000001,33.65525
2020-05-06,8,130580,13.058,32.645
2020-05-06,9,154614,15.461400000000001,38.6535
2020-05-06,10,193405,19.340500000000002,48.35125
2020-05-06,11,158862,15.8862,39.7155
2020-05-06,12,188184,18.8184,47.046
2020-05-06,13,254164,25.416400000000003,63.541000000000004
2020-05-06,14,227645,22.7645,56.91125
2020-05-06,15,185981,18.598100000000002,46.49525
2020-05-06,16,201621,20.162100000000002,50.40525
2020-05-06,17,166173,16.6173,41.54325
2020-05-06,18,123471,12.347100000000001,30.86775
2020-05-06,19,81585,8.1585,20.396250000000002
2020-05-06,20,58307,5.8307,14.57675
2020-05-06,21,39384,3.9384,9.846
2020-05-06,22,62473,6.2473,15.61825
2020-05-06,23,54138,5.4138,13.5345
2020-05-07,0,86822,8.6822,21.7055
2020-05-07,1,101237,10.123700000000001,25.309250000000002
2020-05-07,2,105650,10.565000000000001,26.4125
2020-05-07,3,100876,10.0876,25.219
2020-05-07,4,81652,8.1652,20.413
2020-05-07,5,100303,10.0303,25.07575
2020-05-07,6,107520,10.752,26.88
2020-05-07,7,216292,21.6292,54.073
2020-05-07,8,246410,24.641000000000002,61.6025
2020-05-07,9,236006,23.6006,59.0015
2020-05-07,10,258645,25.8645,64.66125
2020-05-07,11,230027,23.0027,57.506750000000004
2020-05-07,12,233941,23.3941,58.48525
2020-05-07,13,270166,27.0166,67.5415
2020-05-07,14,238909,23.890900000000002,59.72725
2020-05-07,15,215599,21.559900000000003,53.899750000000004
2020-05-07,16,218575,21.8575,54.643750000000004
2020-05-07,17,246780,24.678,61.695
2020-05-07,18,224363,22.436300000000003,56.09075
2020-05-07,19,193247,19.3247,48.31175
2020-05-07,20,186353,18.6353,46.58825
2020-05-07,21,126540,12.654,31.635
2020-05-07,22,66231,6.6231,16.55775
2020-05-07,23,68989,6.8989,17.24725
2020-05-08,0,83280,8.328000000000001,20.82
2020-05-08,1,76547,7.6547,19.13675
2020-05-08,2,108148,10.8148,27.037
2020-05-08,3,165059,16.5059,41.26475
2020-05-08,4,176805,17.680500000000002,44.20125
2020-05-08,5,94068,9.4068,23.517
2020-05-08,6,120106,12.0106,30.026500000000002
2020-05-08,7,220373,22.037300000000002,55.09325
2020-05-08,8,327979,32.7979,81.99475
2020-05-08,9,312566,31.256600000000002,78.14150000000001
2020-05-08,10,331005,33.100500000000004,82.75125
2020-05-08,11,250885,25.0885,62.721250000000005
2020-05-08,12,254378,25.437800000000003,63.594500000000004
2020-05-08,13,407684,40.7684,101.921
2020-05-08,14,382443,38.2443,95.61075
2020-05-08,15,280374,28.0374,70.0935
2020-05-08,16,187695,18.7695,46.92375
2020-05-08,17,98178,9.8178,24.5445
2020-05-08,18,67113,6.7113000000000005,16.77825
2020-05-08,19,63286,6.328600000000001,15.8215
2020-05-08,20,72712,7.2712,18.178
2020-05-08,21,82701,8.270100000000001,20.675250000000002
2020-05-08,22,64754,6.4754000000000005,16.1885
2020-05-08,23,69035,6.9035,17.25875
2020-05-09,0,85421,8.5421,21.35525
2020-05-09,1,81850,8.185,20.462500000000002
2020-05-09,2,92087,9.2087,23.02175
2020-05-09,3,105784,10.5784,26.446
2020-05-09,4,75562,7.5562000000000005,18.8905
2020-05-09,5,73895,7.3895,18.47375
2020-05-09,6,61146,6.1146,15.2865
2020-05-09,7,103410,10.341000000000001,25.8525
2020-05-09,8,70809,7.080900000000001,17.70225
2020-05-09,9,69617,6.9617,17.40425
2020-05-09,10,96059,9.6059,24.01475
2020-05-09,11,63587,6.358700000000001,15.89675
2020-05-09,12,148026,14.8026,37.0065
2020-05-09,13,179509,17.9509,44.877250000000004
2020-05-09,14,181383,18.1383,45.34575
2020-05-09,15,136925,13.6925,34.23125
2020-05-09,16,100558,10.0558,25.1395
2020-05-09,17,183218,18.3218,45.804500000000004
2020-05-09,18,163821,16.3821,40.95525
2020-05-09,19,157734,15.7734,39.4335
2020-05-09,20,164266,16.4266,41.0665
2020-05-09,21,106573,10.657300000000001,26.643250000000002
2020-05-09,22,76295,7.6295,19.07375
2020-05-09,23,51856,5.1856,12.964
2020-05-10,0,51683,5.1683,12.92075
2020-05-10,1,51717,5.1717,12.92925
2020-05-10,2,34936,3.4936000000000003,8.734
2020-05-10,3,30244,3.0244,7.561
2020-05-10,4,89009,8.9009,22.25225
2020-05-10,5,29708,2.9708,7.4270000000000005
2020-05-10,6,47024,4.7024,11.756
2020-05-10,7,41352,4.1352,10.338000000000001
2020-05-10,8,34611,3.4611,8.652750000000001
2020-05-10,9,38493,3.8493000000000004,9.62325
2020-05-10,10,48173,4.8173,12.04325
2020-05-10,11,56139,5.6139,14.03475
2020-05-10,12,41182,4.1182,10.2955
2020-05-10,13,49205,4.9205000000000005,12.30125
2020-05-10,14,30261,3.0261,7.56525
2020-05-10,15,38236,3.8236000000000003,9.559000000000001
2020-05-10,16,36556,3.6556,9.139
2020-05-10,17,60080,6.008,15.02
2020-05-10,18,38691,3.8691,9.67275
2020-05-10,19,91665,9.166500000000001,22.91625
2020-05-10,20,87222,8.7222,21.805500000000002
2020-05-10,21,56384,5.6384,14.096
2020-05-10,22,88070,8.807,22.017500000000002
2020-05-10,23,82220,8.222,20.555
2020-05-11,0,106218,10.6218,26.5545
2020-05-11,1,130437,13.043700000000001,32.60925
2020-05-11,2,118537,11.8537,29.63425
2020-05-11,3,139928,13.9928,34.982
2020-05-11,4,95803,9.580300000000001,23.95075
2020-05-11,5,98992,9.8992,24.748
2020-05-11,6,181739,18.1739,45.43475
2020-05-11,7,240700,24.07,60.175000000000004
2020-05-11,8,335548,33.5548,83.887
2020-05-11,9,339851,33.9851,84.96275
2020-05-11,10,413599,41.3599,103.39975
2020-05-11,11,407377,40.737700000000004,101.84425
2020-05-11,12,421064,42.1064,105.266
2020-05-11,13,432162,43.2162,108.04050000000001
2020-05-11,14,427856,42.7856,106.964
2020-05-11,15,323806,32.3806,80.9515
2020-05-11,16,298719,29.8719,74.67975
2020-05-11,17,299971,29.997100000000003,74.99275
2020-05-11,18,256169,25.6169,64.04225
2020-05-11,19,132428,13.2428,33.107
2020-05-11,20,112209,11.2209,28.05225
2020-05-11,21,64882,6.4882,16.2205
2020-05-11,22,61210,6.121,15.3025
2020-05-11,23,32021,3.2021,8.00525
2020-05-12,0,51379,5.1379,12.84475
2020-05-12,1,104745,10.4745,26.18625
2020-05-12,2,112558,11.2558,28.1395
2020-05-12,3,144186,14.418600000000001,36.0465
2020-05-12,4,123587,12.3587,30.89675
2020-05-12,5,114493,11.449300000000001,28.623250000000002
2020-05-12,6,172485,17.2485,43.12125
2020-05-12,7,222686,22.268600000000003,55.6715
2020-05-12,8,296539,29.6539,74.13475
2020-05-12,9,346906,34.6906,86.7265
2020-05-12,10,387858,38.7858,96.9645
2020-05-12,11,360177,36.017700000000005,90.04425
2020-05-12,12,437785,43.7785,109.44625
2020-05-12,13,459207,45.920700000000004,114.80175
2020-05-12,14,493620,49.362,123.405
2020-05-12,15,402958,40.2958,100.7395
2020-05-12,16,362227,36.2227,90.55675000000001
2020-05-12,17,273381,27.3381,68.34525000000001
2020-05-12,18,218477,21.8477,54.61925
2020-05-12,19,180480,18.048000000000002,45.12
2020-05-12,20,241568,24.1568,60.392
2020-05-12,21,99343,9.9343,24.83575
2020-05-12,22,101717,10.171700000000001,25.42925
2020-05-12,23,93167,9.3167,23.29175
2020-05-13,0,105355,10.5355,26.33875
2020-05-13,1,84608,8.4608,21.152
2020-05-13,2,157509,15.750900000000001,39.377250000000004
2020-05-13,3,112623,11.2623,28.15575
2020-05-13,4,128212,12.821200000000001,32.053
2020-05-13,5,136202,13.6202,34.0505
2020-05-13,6,171950,17.195,42.987500000000004
2020-05-13,7,306012,30.601200000000002,76.503
2020-05-13,8,386889,38.688900000000004,96.72225
2020-05-13,9,394702,39.4702,98.6755
2020-05-13,10,405241,40.524100000000004,101.31025
2020-05-13,11,315845,31.584500000000002,78.96125
2020-05-13,12,448332,44.833200000000005,112.083
2020-05-13,13,451129,45.1129,112.78225
2020-05-13,14,405723,40.5723,101.43075
2020-05-13,15,388521,38.8521,97.13025
2020-05-13,16,271830,27.183,67.9575
2020-05-13,17,255447,25.544700000000002,63.86175
2020-05-13,18,235195,23.5195,58.79875
2020-05-13,19,222768,22.2768,55.692
2020-05-13,20,178311,17.8311,44.57775
2020-05-13,21,146044,14.6044,36.511
2020-05-13,22,189667,18.9667,47.41675
2020-05-13,23,111599,11.1599,27.89975
2020-05-14,0,107700,10.770000000000001,26.925
2020-05-14,1,76767,7.6767,19.19175
2020-05-14,2,94356,9.4356,23.589000000000002
2020-05-14,3,151996,15.1996,37.999
2020-05-14,4,161717,16.1717,40.42925
2020-05-14,5,149460,14.946000000000002,37.365
2020-05-14,6,146421,14.642100000000001,36.60525
2020-05-14,7,263343,26.334300000000002,65.83575
2020-05-14,8,304319,30.431900000000002,76.07975
2020-05-14,9,353001,35.3001,88.25025000000001
2020-05-14,10,329570,32.957,82.3925
2020-05-14,11,306624,30.6624,76.656
2020-05-14,12,290257,29.0257,72.56425
2020-05-14,13,298497,29.849700000000002,74.62425
2020-05-14,14,325626,32.5626,81.40650000000001
2020-05-14,15,257963,25.796300000000002,64.49075
2020-05-14,16,221790,22.179000000000002,55.4475
2020-05-14,17,159565,15.9565,39.89125
2020-05-14,18,212919,21.291900000000002,53.22975
2020-05-14,19,168874,16.8874,42.2185
2020-05-14,20,179368,17.9368,44.842
2020-05-14,21,87348,8.7348,21.837
2020-05-14,22,100055,10.0055,25.01375
2020-05-14,23,62530,6.253,15.6325
2020-05-15,0,95019,9.501900000000001,23.75475
2020-05-15,1,71323,7.132300000000001,17.830750000000002
2020-05-15,2,117079,11.7079,29.269750000000002
2020-05-15,3,161689,16.1689,40.42225
2020-05-15,4,98608,9.860800000000001,24.652
2020-05-15,5,127503,12.750300000000001,31.87575
2020-05-15,6,134522,13.452200000000001,33.6305
2020-05-15,7,243895,24.3895,60.97375
2020-05-15,8,309701,30.970100000000002,77.42525
2020-05-15,9,298838,29.8838,74.7095
2020-05-15,10,301089,30.108900000000002,75.27225
2020-05-15,11,292484,29.2484,73.121
2020-05-15,12,349646,34.964600000000004,87.4115
2020-05-15,13,396925,39.6925,99.23125
2020-05-15,14,397507,39.7507,99.37675
2020-05-15,15,305793,30.5793,76.44825
2020-05-15,16,200388,20.038800000000002,50.097
2020-05-15,17,116148,11.6148,29.037
2020-05-15,18,67293,6.7293,16.82325
2020-05-15,19,70736,7.073600000000001,17.684
2020-05-15,20,75902,7.5902,18.9755
2020-05-15,21,46055,4.6055,11.51375
2020-05-15,22,53483,5.3483,13.370750000000001
2020-05-15,23,58588,5.8588000000000005,14.647
2020-05-16,0,66347,6.6347000000000005,16.586750000000002
2020-05-16,1,56453,5.645300000000001,14.11325
2020-05-16,2,202268,20.2268,50.567
2020-05-16,3,234298,23.4298,58.5745
2020-05-16,4,157291,15.7291,39.32275
2020-05-16,5,128889,12.888900000000001,32.22225
2020-05-16,6,99178,9.9178,24.7945
2020-05-16,7,89907,8.9907,22.47675
2020-05-16,8,78601,7.8601,19.65025
2020-05-16,9,69032,6.9032,17.258
2020-05-16,10,57199,5.7199,14.29975
2020-05-16,11,56038,5.603800000000001,14.009500000000001
2020-05-16,12,89822,8.9822,22.4555
2020-05-16,13,108686,10.8686,27.1715
2020-05-16,14,187559,18.7559,46.88975
2020-05-16,15,144336,14.4336,36.084
2020-05-16,16,97491,9.7491,24.37275
2020-05-16,17,97234,9.7234,24.308500000000002
2020-05-16,18,89552,8.9552,22.388
2020-05-16,19,94197,9.4197,23.54925
2020-05-16,20,122469,12.2469,30.617250000000002
2020-05-16,21,113032,11.3032,28.258
2020-05-16,22,63169,6.3169,15.792250000000001
2020-05-16,23,43009,4.3009,10.75225
2020-05-17,0,40300,4.03,10.075000000000001
2020-05-17,1,25445,2.5445,6.36125
2020-05-17,2,37511,3.7511,9.37775
2020-05-17,3,43193,4.3193,10.79825
2020-05-17,4,95800,9.58,23.95
2020-05-17,5,51609,5.1609,12.90225
2020-05-17,6,61360,6.136,15.34
2020-05-17,7,40268,4.026800000000001,10.067
2020-05-17,8,41437,4.1437,10.35925
2020-05-17,9,39383,3.9383000000000004,9.84575
2020-05-17,10,54807,5.480700000000001,13.70175
2020-05-17,11,44942,4.4942,11.2355
2020-05-17,12,35626,3.5626,8.9065
2020-05-17,13,45003,4.5003,11.25075
2020-05-17,14,29723,2.9723,7.43075
2020-05-17,15,73123,7.3123000000000005,18.28075
2020-05-17,16,83688,8.3688,20.922
2020-05-17,17,35556,3.5556,8.889
2020-05-17,18,40382,4.0382,10.0955
2020-05-17,19,37508,3.7508000000000004,9.377
2020-05-17,20,60672,6.067200000000001,15.168000000000001
2020-05-17,21,70268,7.026800000000001,17.567
2020-05-17,22,164246,16.4246,41.0615
2020-05-17,23,95377,9.537700000000001,23.84425
2020-05-18,0,84372,8.4372,21.093
2020-05-18,1,109328,10.9328,27.332
2020-05-18,2,148835,14.883500000000002,37.20875
2020-05-18,3,219943,21.994300000000003,54.98575
2020-05-18,4,135885,13.5885,33.97125
2020-05-18,5,159219,15.9219,39.80475
2020-05-18,6,234036,23.4036,58.509
2020-05-18,7,263600,26.360000000000003,65.9
2020-05-18,8,374519,37.4519,93.62975
2020-05-18,9,404974,40.4974,101.2435
2020-05-18,10,406338,40.6338,101.5845
2020-05-18,11,441987,44.1987,110.49675
2020-05-18,12,408980,40.898,102.245
2020-05-18,13,433462,43.3462,108.3655
2020-05-18,14,460287,46.0287,115.07175000000001
2020-05-18,15,432966,43.296600000000005,108.2415
2020-05-18,16,330482,33.0482,82.6205
2020-05-18,17,275570,27.557000000000002,68.8925
2020-05-18,18,287434,28.7434,71.8585
2020-05-18,19,222040,22.204,55.51
2020-05-18,20,256265,25.6265,64.06625
2020-05-18,21,216663,21.6663,54.16575
2020-05-18,22,127049,12.7049,31.76225
2020-05-18,23,111643,11.1643,27.91075
2020-05-19,0,138675,13.867500000000001,34.66875
2020-05-19,1,178894,17.889400000000002,44.7235
2020-05-19,2,178556,17.855600000000003,44.639
2020-05-19,3,213208,21.320800000000002,53.302
2020-05-19,4,152606,15.2606,38.1515
2020-05-19,5,152313,15.231300000000001,38.078250000000004
2020-05-19,6,198680,19.868000000000002,49.67
2020-05-19,7,280199,28.0199,70.04975
2020-05-19,8,334240,33.424,83.56
2020-05-19,9,378515,37.8515,94.62875
2020-05-19,10,390780,39.078,97.69500000000001
2020-05-19,11,356076,35.607600000000005,89.019
2020-05-19,12,390996,39.0996,97.749
2020-05-19,13,379145,37.914500000000004,94.78625
2020-05-19,14,415822,41.5822,103.9555
2020-05-19,15,415689,41.5689,103.92225
2020-05-19,16,332313,33.231300000000005,83.07825
2020-05-19,17,269799,26.9799,67.44975
2020-05-19,18,244050,24.405,61.0125
2020-05-19,19,135318,13.5318,33.8295
2020-05-19,20,166422,16.642200000000003,41.6055
2020-05-19,21,154749,15.4749,38.68725
2020-05-19,22,191980,19.198,47.995000000000005
2020-05-19,23,151100,15.110000000000001,37.775
2020-05-20,0,172981,17.2981,43.24525
2020-05-20,1,202246,20.224600000000002,50.5615
2020-05-20,2,201427,20.1427,50.35675
2020-05-20,3,201970,20.197000000000003,50.4925
2020-05-20,4,167874,16.7874,41.9685
2020-05-20,5,194080,19.408,48.52
2020-05-20,6,232442,23.244200000000003,58.1105
2020-05-20,7,348720,34.872,87.18
2020-05-20,8,412817,41.2817,103.20425
2020-05-20,9,425481,42.548100000000005,106.37025
2020-05-20,10,407034,40.7034,101.7585
2020-05-20,11,362576,36.257600000000004,90.644
2020-05-20,12,378476,37.8476,94.619
2020-05-20,13,431074,43.107400000000005,107.7685
2020-05-20,14,476578,47.6578,119.14450000000001
2020-05-20,15,441362,44.1362,110.3405
2020-05-20,16,407160,40.716,101.79
2020-05-20,17,331921,33.1921,82.98025
2020-05-20,18,274132,27.4132,68.533
2020-05-20,19,229659,22.9659,57.41475
2020-05-20,20,270247,27.024700000000003,67.56175
2020-05-20,21,252673,25.267300000000002,63.16825
2020-05-20,22,246453,24.645300000000002,61.61325
2020-05-20,23,265187,26.518700000000003,66.29675
2020-05-21,0,239331,23.9331,59.832750000000004
2020-05-21,1,187456,18.7456,46.864000000000004
2020-05-21,2,179626,17.962600000000002,44.9065
2020-05-21,3,202808,20.2808,50.702
2020-05-21,4,149067,14.9067,37.26675
2020-05-21,5,168027,16.8027,42.006750000000004
2020-05-21,6,159488,15.9488,39.872
2020-05-21,7,355040,35.504000000000005,88.76
2020-05-21,8,309955,30.9955,77.48875
2020-05-21,9,333897,33.389700000000005,83.47425
2020-05-21,10,352106,35.2106,88.0265
2020-05-21,11,328453,32.8453,82.11325000000001
2020-05-21,12,326377,32.6377,81.59425
2020-05-21,13,385058,38.5058,96.2645
2020-05-21,14,368019,36.8019,92.00475
2020-05-21,15,287541,28.7541,71.88525
2020-05-21,16,170831,17.0831,42.707750000000004
2020-05-21,17,129524,12.9524,32.381
2020-05-21,18,107054,10.705400000000001,26.7635
2020-05-21,19,77059,7.705900000000001,19.26475
2020-05-21,20,89158,8.9158,22.2895
2020-05-21,21,104040,10.404,26.01
2020-05-21,22,33533,3.3533,8.38325
2020-05-21,23,81154,8.115400000000001,20.2885
2020-05-22,0,80583,8.058300000000001,20.14575
2020-05-22,1,59384,5.938400000000001,14.846
2020-05-22,2,81174,8.1174,20.2935
2020-05-22,3,123830,12.383000000000001,30.9575
2020-05-22,4,95850,9.585,23.962500000000002
2020-05-22,5,97599,9.7599,24.39975
2020-05-22,6,123407,12.3407,30.85175
2020-05-22,7,300942,30.0942,75.2355
2020-05-22,8,378994,37.8994,94.7485
2020-05-22,9,397545,39.7545,99.38625
2020-05-22,10,309339,30.9339,77.33475
2020-05-22,11,289846,28.9846,72.4615
2020-05-22,12,300582,30.058200000000003,75.1455
2020-05-22,13,341501,34.1501,85.37525000000001
2020-05-22,14,274554,27.4554,68.63850000000001
2020-05-22,15,289878,28.9878,72.4695
2020-05-22,16,339993,33.9993,84.99825
2020-05-22,17,275341,27.534100000000002,68.83525
2020-05-22,18,162548,16.2548,40.637
2020-05-22,19,110149,11.0149,27.53725
2020-05-22,20,197139,19.713900000000002,49.28475
2020-05-22,21,115753,11.5753,28.93825
2020-05-22,22,95584,9.5584,23.896
2020-05-22,23,63454,6.345400000000001,15.8635
2020-05-23,0,95644,9.564400000000001,23.911
2020-05-23,1,76698,7.6698,19.174500000000002
2020-05-23,2,68977,6.8977,17.24425
2020-05-23,3,135772,13.577200000000001,33.943
2020-05-23,4,132705,13.2705,33.17625
2020-05-23,5,72681,7.2681000000000004,18.17025
2020-05-23,6,63947,6.3947,15.98675
2020-05-23,7,104444,10.4444,26.111
2020-05-23,8,64800,6.48,16.2
2020-05-23,9,58139,5.8139,14.53475
2020-05-23,10,59729,5.9729,14.93225
2020-05-23,11,43448,4.3448,10.862
2020-05-23,12,43019,4.3019,10.75475
2020-05-23,13,79793,7.9793,19.94825
2020-05-23,14,44673,4.4673,11.16825
2020-05-23,15,61596,6.1596,15.399000000000001
2020-05-23,16,193121,19.3121,48.28025
2020-05-23,17,140861,14.0861,35.21525
2020-05-23,18,102537,10.2537,25.63425
2020-05-23,19,52044,5.204400000000001,13.011000000000001
2020-05-23,20,95635,9.563500000000001,23.90875
2020-05-23,21,75838,7.5838,18.959500000000002
2020-05-23,22,116799,11.6799,29.19975
2020-05-23,23,57797,5.7797,14.449250000000001
2020-05-24,0,44151,4.4151,11.03775
2020-05-24,1,37995,3.7995,9.49875
2020-05-24,2,42977,4.2977,10.744250000000001
2020-05-24,3,42388,4.2388,10.597
2020-05-24,4,144586,14.4586,36.1465
2020-05-24,5,55074,5.5074000000000005,13.7685
2020-05-24,6,41918,4.191800000000001,10.4795
2020-05-24,7,61477,6.1477,15.369250000000001
2020-05-24,8,38340,3.834,9.585
2020-05-24,9,42011,4.2011,10.50275
2020-05-24,10,27387,2.7387,6.84675
2020-05-24,11,61977,6.1977,15.494250000000001
2020-05-24,12,26397,2.6397,6.5992500000000005
2020-05-24,13,47476,4.7476,11.869
2020-05-24,14,37225,3.7225,9.30625
2020-05-24,15,51918,5.191800000000001,12.9795
2020-05-24,16,53797,5.379700000000001,13.449250000000001
2020-05-24,17,37703,3.7703,9.42575
2020-05-24,18,41025,4.1025,10.25625
2020-05-24,19,37157,3.7157,9.289250000000001
2020-05-24,20,58298,5.8298000000000005,14.5745
2020-05-24,21,58581,5.8581,14.64525
2020-05-24,22,101355,10.1355,25.33875
2020-05-24,23,48563,4.8563,12.14075
2020-05-25,0,119472,11.9472,29.868000000000002
2020-05-25,1,99631,9.9631,24.90775
2020-05-25,2,84616,8.4616,21.154
2020-05-25,3,132448,13.244800000000001,33.112
2020-05-25,4,94583,9.458300000000001,23.64575
2020-05-25,5,77701,7.7701,19.425250000000002
2020-05-25,6,112003,11.2003,28.00075
2020-05-25,7,78851,7.8851,19.71275
2020-05-25,8,81994,8.1994,20.4985
2020-05-25,9,64757,6.475700000000001,16.18925
2020-05-25,10,69281,6.928100000000001,17.32025
2020-05-25,11,67930,6.793,16.9825
2020-05-25,12,66461,6.646100000000001,16.61525
2020-05-25,13,65963,6.5963,16.490750000000002
2020-05-25,14,69758,6.9758000000000004,17.4395
2020-05-25,15,65706,6.570600000000001,16.4265
2020-05-25,16,78459,7.8459,19.61475
2020-05-25,17,57813,5.7813,14.45325
2020-05-25,18,143535,14.3535,35.88375
2020-05-25,19,66547,6.6547,16.63675
2020-05-25,20,86058,8.6058,21.5145
2020-05-25,21,84081,8.408100000000001,21.02025
2020-05-25,22,79466,7.9466,19.866500000000002
2020-05-25,23,65419,6.5419,16.35475
2020-05-26,0,90879,9.087900000000001,22.71975
2020-05-26,1,68898,6.8898,17.2245
2020-05-26,2,74083,7.4083000000000006,18.52075
2020-05-26,3,113085,11.3085,28.271250000000002
2020-05-26,4,91132,9.1132,22.783
2020-05-26,5,99544,9.9544,24.886
2020-05-26,6,169349,16.934900000000003,42.33725
2020-05-26,7,259540,25.954,64.885
2020-05-26,8,343420,34.342,85.855
2020-05-26,9,402320,40.232,100.58
2020-05-26,10,386066,38.6066,96.51650000000001
2020-05-26,11,370823,37.082300000000004,92.70575000000001
2020-05-26,12,319836,31.983600000000003,79.959
2020-05-26,13,387861,38.786100000000005,96.96525
2020-05-26,14,371682,37.1682,92.9205
2020-05-26,15,338786,33.8786,84.6965
2020-05-26,16,344325,34.432500000000005,86.08125
2020-05-26,17,297648,29.7648,74.412
2020-05-26,18,201620,20.162000000000003,50.405
2020-05-26,19,159636,15.963600000000001,39.909
2020-05-26,20,190146,19.0146,47.536500000000004
2020-05-26,21,169497,16.9497,42.37425
2020-05-26,22,110312,11.0312,27.578
2020-05-26,23,99073,9.907300000000001,24.768250000000002
2020-05-27,0,129718,12.9718,32.4295
2020-05-27,1,106919,10.6919,26.72975
2020-05-27,2,96853,9.6853,24.213250000000002
2020-05-27,3,162575,16.2575,40.643750000000004
2020-05-27,4,182485,18.2485,45.62125
2020-05-27,5,141127,14.1127,35.28175
2020-05-27,6,204491,20.4491,51.12275
2020-05-27,7,251532,25.153200000000002,62.883
2020-05-27,8,353855,35.3855,88.46375
2020-05-27,9,361548,36.1548,90.387
2020-05-27,10,368239,36.8239,92.05975000000001
2020-05-27,11,322609,32.2609,80.65225
2020-05-27,12,311981,31.1981,77.99525
2020-05-27,13,316853,31.6853,79.21325
2020-05-27,14,318037,31.803700000000003,79.50925000000001
2020-05-27,15,360652,36.065200000000004,90.163
2020-05-27,16,238411,23.8411,59.60275
2020-05-27,17,194047,19.404700000000002,48.51175
2020-05-27,18,144351,14.4351,36.08775
2020-05-27,19,117905,11.7905,29.47625
2020-05-27,20,143515,14.351500000000001,35.878750000000004
2020-05-27,21,81123,8.112300000000001,20.28075
2020-05-27,22,136969,13.696900000000001,34.24225
2020-05-27,23,101318,10.1318,25.3295
2020-05-28,0,130198,13.0198,32.5495
2020-05-28,1,102040,10.204,25.51
2020-05-28,2,98797,9.8797,24.69925
2020-05-28,3,207198,20.7198,51.7995
2020-05-28,4,200608,20.0608,50.152
2020-05-28,5,109739,10.9739,27.43475
2020-05-28,6,140624,14.0624,35.156
2020-05-28,7,252885,25.288500000000003,63.221250000000005
2020-05-28,8,350659,35.0659,87.66475
2020-05-28,9,442921,44.292100000000005,110.73025
2020-05-28,10,385089,38.508900000000004,96.27225
2020-05-28,11,377829,37.782900000000005,94.45725
2020-05-28,12,332294,33.2294,83.0735
2020-05-28,13,386110,38.611000000000004,96.5275
2020-05-28,14,433867,43.386700000000005,108.46675
2020-05-28,15,397808,39.7808,99.452
2020-05-28,16,344868,34.4868,86.217
2020-05-28,17,297829,29.7829,74.45725
2020-05-28,18,236907,23.6907,59.22675
2020-05-28,19,142111,14.2111,35.52775
2020-05-28,20,112957,11.2957,28.239250000000002
2020-05-28,21,32858,3.2858,8.214500000000001
2020-05-28,22,104139,10.4139,26.03475
2020-05-28,23,80888,8.0888,20.222
2020-05-29,0,116318,11.6318,29.0795
2020-05-29,1,110057,11.005700000000001,27.51425
2020-05-29,2,100164,10.0164,25.041
2020-05-29,3,152570,15.257000000000001,38.1425
2020-05-29,4,106326,10.6326,26.581500000000002
2020-05-29,5,105654,10.5654,26.4135
2020-05-29,6,135808,13.5808,33.952
2020-05-29,7,260682,26.0682,65.1705
2020-05-29,8,292752,29.2752,73.188
2020-05-29,9,325905,32.5905,81.47625000000001
2020-05-29,10,325522,32.5522,81.3805
2020-05-29,11,300883,30.0883,75.22075
2020-05-29,12,258688,25.8688,64.672
2020-05-29,13,295869,29.5869,73.96725
2020-05-29,14,403623,40.362300000000005,100.90575
2020-05-29,15,300630,30.063000000000002,75.1575
2020-05-29,16,406048,40.604800000000004,101.512
2020-05-29,17,381385,38.1385,95.34625
2020-05-29,18,248289,24.8289,62.072250000000004
2020-05-29,19,244301,24.4301,61.075250000000004
2020-05-29,20,224663,22.4663,56.16575
2020-05-29,21,161571,16.1571,40.39275
2020-05-29,22,183558,18.355800000000002,45.8895
2020-05-29,23,110826,11.082600000000001,27.706500000000002
2020-05-30,0,101388,10.1388,25.347
2020-05-30,1,65740,6.574000000000001,16.435
2020-05-30,2,74353,7.435300000000001,18.588250000000002
2020-05-30,3,136909,13.690900000000001,34.22725
2020-05-30,4,201752,20.1752,50.438
2020-05-30,5,110189,11.0189,27.547250000000002
2020-05-30,6,66528,6.6528,16.632
2020-05-30,7,117877,11.787700000000001,29.469250000000002
2020-05-30,8,149259,14.9259,37.314750000000004
2020-05-30,9,104026,10.4026,26.0065
2020-05-30,10,59577,5.9577,14.89425
2020-05-30,11,49554,4.9554,12.3885
2020-05-30,12,78948,7.8948,19.737000000000002
2020-05-30,13,107883,10.788300000000001,26.97075
2020-05-30,14,68120,6.812,17.03
2020-05-30,15,37733,3.7733000000000003,9.433250000000001
2020-05-30,16,130867,13.0867,32.71675
2020-05-30,17,125850,12.585,31.462500000000002
2020-05-30,18,94414,9.4414,23.6035
2020-05-30,19,34379,3.4379,8.59475
2020-05-30,20,73414,7.3414,18.3535
2020-05-30,21,54404,5.4404,13.601
2020-05-30,22,63765,6.3765,15.94125
2020-05-30,23,66559,6.6559,16.63975
2020-05-31,0,50352,5.035200000000001,12.588000000000001
2020-05-31,1,39791,3.9791000000000003,9.947750000000001
2020-05-31,2,42880,4.288,10.72
2020-05-31,3,43247,4.3247,10.81175
2020-05-31,4,115388,11.5388,28.847
2020-05-31,5,42422,4.2422,10.605500000000001
2020-05-31,6,71975,7.197500000000001,17.993750000000002
2020-05-31,7,46248,4.6248000000000005,11.562
2020-05-31,8,39162,3.9162000000000003,9.7905
2020-05-31,9,47784,4.7784,11.946
2020-05-31,10,25431,2.5431,6.35775
2020-05-31,11,25095,2.5095,6.27375
2020-05-31,12,30343,3.0343,7.58575
2020-05-31,13,69263,6.9263,17.31575
2020-05-31,14,35419,3.5419,8.854750000000001
2020-05-31,15,76459,7.6459,19.11475
2020-05-31,16,83493,8.349300000000001,20.87325
2020-05-31,17,36480,3.648,9.120000000000001
2020-05-31,18,41306,4.1306,10.3265
2020-05-31,19,37942,3.7942,9.4855
2020-05-31,20,62100,6.21,15.525
2020-05-31,21,97320,9.732000000000001,24.330000000000002
2020-05-31,22,101721,10.1721,25.43025
2020-05-31,23,89543,8.9543,22.38575
2020-06-01,0,140459,14.045900000000001,35.11475
2020-06-01,1,185097,18.509700000000002,46.27425
2020-06-01,2,219547,21.954700000000003,54.88675
2020-06-01,3,434166,43.4166,108.5415
2020-06-01,4,325438,32.543800000000005,81.3595
2020-06-01,5,246329,24.632900000000003,61.58225
2020-06-01,6,328841,32.884100000000004,82.21025
2020-06-01,7,397468,39.7468,99.367
2020-06-01,8,558122,55.812200000000004,139.5305
2020-06-01,9,564679,56.4679,141.16975
2020-06-01,10,518312,51.8312,129.578
2020-06-01,11,433735,43.3735,108.43375
2020-06-01,12,442193,44.219300000000004,110.54825
2020-06-01,13,503350,50.335,125.8375
2020-06-01,14,501196,50.119600000000005,125.299
2020-06-01,15,401330,40.133,100.3325
2020-06-01,16,420915,42.0915,105.22875
2020-06-01,17,392536,39.2536,98.134
2020-06-01,18,306938,30.693800000000003,76.7345
2020-06-01,19,202914,20.2914,50.728500000000004
2020-06-01,20,164056,16.4056,41.014
2020-06-01,21,144690,14.469000000000001,36.1725
2020-06-01,22,180192,18.0192,45.048
2020-06-01,23,149970,14.997,37.4925
2020-06-02,0,140252,14.0252,35.063
2020-06-02,1,151750,15.175,37.9375
2020-06-02,2,155796,15.579600000000001,38.949
2020-06-02,3,173123,17.3123,43.28075
2020-06-02,4,208131,20.813100000000002,52.03275
2020-06-02,5,163155,16.3155,40.78875
2020-06-02,6,270853,27.0853,67.71325
2020-06-02,7,356033,35.603300000000004,89.00825
2020-06-02,8,452196,45.2196,113.049
2020-06-02,9,493780,49.378,123.44500000000001
2020-06-02,10,480230,48.023,120.0575
2020-06-02,11,508049,50.8049,127.01225000000001
2020-06-02,12,397147,39.7147,99.28675
2020-06-02,13,368416,36.8416,92.104
2020-06-02,14,384467,38.4467,96.11675
2020-06-02,15,369327,36.932700000000004,92.33175
2020-06-02,16,273451,27.345100000000002,68.36275
2020-06-02,17,164106,16.410600000000002,41.0265
2020-06-02,18,261282,26.1282,65.3205
2020-06-02,19,194952,19.4952,48.738
2020-06-02,20,141308,14.1308,35.327
2020-06-02,21,106966,10.6966,26.741500000000002
2020-06-02,22,146756,14.675600000000001,36.689
2020-06-02,23,127620,12.762,31.905
2020-06-03,0,108387,10.838700000000001,27.09675
2020-06-03,1,138115,13.8115,34.52875
2020-06-03,2,167133,16.7133,41.78325
2020-06-03,3,125116,12.511600000000001,31.279
2020-06-03,4,155528,15.552800000000001,38.882
2020-06-03,5,155094,15.509400000000001,38.7735
2020-06-03,6,211543,21.154300000000003,52.88575
2020-06-03,7,393599,39.3599,98.39975
2020-06-03,8,390437,39.0437,97.60925
2020-06-03,9,432496,43.2496,108.124
2020-06-03,10,404966,40.4966,101.2415
2020-06-03,11,391360,39.136,97.84
2020-06-03,12,339102,33.9102,84.77550000000001
2020-06-03,13,364975,36.4975,91.24375
2020-06-03,14,417843,41.7843,104.46075
2020-06-03,15,354653,35.4653,88.66325
2020-06-03,16,296844,29.6844,74.211
2020-06-03,17,218947,21.8947,54.73675
2020-06-03,18,128818,12.8818,32.2045
2020-06-03,19,89119,8.911900000000001,22.27975
2020-06-03,20,88545,8.8545,22.13625
2020-06-03,21,71271,7.1271,17.81775
2020-06-03,22,143585,14.358500000000001,35.89625
2020-06-03,23,151716,15.171600000000002,37.929
2020-06-04,0,140362,14.036200000000001,35.0905
2020-06-04,1,169696,16.9696,42.424
2020-06-04,2,316287,31.628700000000002,79.07175000000001
2020-06-04,3,267257,26.7257,66.81425
2020-06-04,4,305204,30.520400000000002,76.301
2020-06-04,5,290706,29.070600000000002,72.6765
2020-06-04,6,244817,24.4817,61.20425
2020-06-04,7,354607,35.4607,88.65175
2020-06-04,8,378397,37.8397,94.59925
2020-06-04,9,451722,45.172200000000004,112.93050000000001
2020-06-04,10,463600,46.36,115.9
2020-06-04,11,355070,35.507000000000005,88.7675
2020-06-04,12,343454,34.345400000000005,85.8635
2020-06-04,13,418034,41.8034,104.5085
2020-06-04,14,343461,34.3461,85.86525
2020-06-04,15,293163,29.316300000000002,73.29075
2020-06-04,16,303537,30.3537,75.88425000000001
2020-06-04,17,323932,32.3932,80.983
2020-06-04,18,262809,26.280900000000003,65.70225
2020-06-04,19,177254,17.7254,44.3135
2020-06-04,20,219179,21.9179,54.79475
2020-06-04,21,99450,9.945,24.8625
2020-06-04,22,33180,3.318,8.295
2020-06-04,23,50231,5.0231,12.55775
2020-06-05,0,125628,12.562800000000001,31.407
2020-06-05,1,94853,9.4853,23.713250000000002
2020-06-05,2,130260,13.026,32.565
2020-06-05,3,222927,22.2927,55.73175
2020-06-05,4,140673,14.067300000000001,35.16825
2020-06-05,5,170512,17.0512,42.628
2020-06-05,6,264757,26.4757,66.18925
2020-06-05,7,306423,30.642300000000002,76.60575
2020-06-05,8,344331,34.4331,86.08275
2020-06-05,9,375075,37.5075,93.76875
2020-06-05,10,356298,35.6298,89.0745
2020-06-05,11,323157,32.3157,80.78925
2020-06-05,12,320747,32.0747,80.18675
2020-06-05,13,427532,42.7532,106.883
2020-06-05,14,436748,43.674800000000005,109.187
2020-06-05,15,329046,32.9046,82.2615
2020-06-05,16,280145,28.0145,70.03625
2020-06-05,17,312671,31.267100000000003,78.16775
2020-06-05,18,150737,15.0737,37.68425
2020-06-05,19,174359,17.4359,43.58975
2020-06-05,20,120906,12.0906,30.2265
2020-06-05,21,85671,8.5671,21.41775
2020-06-05,22,126015,12.601500000000001,31.50375
2020-06-05,23,152343,15.234300000000001,38.08575
2020-06-06,0,173839,17.3839,43.45975
2020-06-06,1,131203,13.1203,32.80075
2020-06-06,2,90036,9.0036,22.509
2020-06-06,3,148534,14.8534,37.1335
2020-06-06,4,230034,23.003400000000003,57.5085
2020-06-06,5,132030,13.203000000000001,33.0075
2020-06-06,6,134508,13.450800000000001,33.627
2020-06-06,7,113072,11.3072,28.268
2020-06-06,8,71099,7.1099000000000006,17.77475
2020-06-06,9,79861,7.9861,19.96525
2020-06-06,10,68854,6.885400000000001,17.2135
2020-06-06,11,66511,6.6511000000000005,16.62775
2020-06-06,12,54808,5.4808,13.702
2020-06-06,13,60345,6.0345,15.08625
2020-06-06,14,52198,5.2198,13.0495
2020-06-06,15,34138,3.4138,8.5345
2020-06-06,16,102682,10.2682,25.6705
2020-06-06,17,107626,10.7626,26.9065
2020-06-06,18,78106,7.8106,19.5265
2020-06-06,19,84124,8.4124,21.031
2020-06-06,20,84472,8.4472,21.118000000000002
2020-06-06,21,86889,8.6889,21.72225
2020-06-06,22,85669,8.5669,21.41725
2020-06-06,23,61156,6.115600000000001,15.289
2020-06-07,0,94506,9.4506,23.6265
2020-06-07,1,50986,5.0986,12.746500000000001
2020-06-07,2,50071,5.0071,12.51775
2020-06-07,3,50248,5.0248,12.562
2020-06-07,4,147653,14.7653,36.91325
2020-06-07,5,87184,8.7184,21.796
2020-06-07,6,78433,7.8433,19.60825
2020-06-07,7,56503,5.6503000000000005,14.12575
2020-06-07,8,39877,3.9877000000000002,9.96925
2020-06-07,9,66439,6.6439,16.609750000000002
2020-06-07,10,47716,4.7716,11.929
2020-06-07,11,34171,3.4171,8.54275
2020-06-07,12,32806,3.2806,8.2015
2020-06-07,13,110324,11.0324,27.581
2020-06-07,14,51283,5.1283,12.82075
2020-06-07,15,46433,4.6433,11.60825
2020-06-07,16,132290,13.229000000000001,33.0725
2020-06-07,17,47644,4.7644,11.911
2020-06-07,18,42565,4.2565,10.64125
2020-06-07,19,48393,4.839300000000001,12.09825
2020-06-07,20,85382,8.5382,21.3455
2020-06-07,21,131743,13.1743,32.93575
2020-06-07,22,140078,14.007800000000001,35.0195
2020-06-07,23,67715,6.7715000000000005,16.92875
2020-06-08,0,93715,9.371500000000001,23.42875
2020-06-08,1,128368,12.8368,32.092
2020-06-08,2,107539,10.7539,26.88475
2020-06-08,3,160117,16.0117,40.02925
2020-06-08,4,180638,18.0638,45.1595
2020-06-08,5,136233,13.6233,34.05825
2020-06-08,6,278784,27.878400000000003,69.696
2020-06-08,7,318510,31.851000000000003,79.6275
2020-06-08,8,394918,39.491800000000005,98.7295
2020-06-08,9,451203,45.1203,112.80075000000001
2020-06-08,10,461689,46.1689,115.42225
2020-06-08,11,456498,45.6498,114.1245
2020-06-08,12,469650,46.965,117.41250000000001
2020-06-08,13,490467,49.0467,122.61675
2020-06-08,14,439255,43.9255,109.81375
2020-06-08,15,385879,38.587900000000005,96.46975
2020-06-08,16,290531,29.0531,72.63275
2020-06-08,17,398607,39.8607,99.65175
2020-06-08,18,321606,32.1606,80.4015
2020-06-08,19,288200,28.82,72.05
2020-06-08,20,249949,24.9949,62.48725
2020-06-08,21,198516,19.8516,49.629
2020-06-08,22,236336,23.6336,59.084
2020-06-08,23,186062,18.6062,46.5155
2020-06-09,0,166963,16.6963,41.74075
2020-06-09,1,135430,13.543000000000001,33.8575
2020-06-09,2,155610,15.561,38.9025
2020-06-09,3,178786,17.878600000000002,44.6965
2020-06-09,4,158249,15.824900000000001,39.56225
2020-06-09,5,151408,15.1408,37.852000000000004
2020-06-09,6,239404,23.9404,59.851
2020-06-09,7,326533,32.6533,81.63325
2020-06-09,8,467416,46.741600000000005,116.854
2020-06-09,9,456372,45.6372,114.093
2020-06-09,10,488288,48.8288,122.072
2020-06-09,11,416346,41.6346,104.0865
2020-06-09,12,438967,43.8967,109.74175
2020-06-09,13,444921,44.4921,111.23025
2020-06-09,14,427481,42.7481,106.87025
2020-06-09,15,377569,37.7569,94.39225
2020-06-09,16,320617,32.0617,80.15425
2020-06-09,17,348211,34.8211,87.05275
2020-06-09,18,248914,24.8914,62.228500000000004
2020-06-09,19,178887,17.8887,44.72175
2020-06-09,20,188256,18.8256,47.064
2020-06-09,21,86024,8.602400000000001,21.506
2020-06-09,22,112946,11.2946,28.2365
2020-06-09,23,139424,13.942400000000001,34.856
2020-06-10,0,152503,15.250300000000001,38.125750000000004
2020-06-10,1,128510,12.851,32.1275
2020-06-10,2,155888,15.5888,38.972
2020-06-10,3,155922,15.5922,38.9805
2020-06-10,4,147984,14.7984,36.996
2020-06-10,5,187753,18.7753,46.938250000000004
2020-06-10,6,258805,25.8805,64.70125
2020-06-10,7,293079,29.3079,73.26975
2020-06-10,8,364665,36.4665,91.16625
2020-06-10,9,444162,44.4162,111.04050000000001
2020-06-10,10,404185,40.4185,101.04625
2020-06-10,11,406761,40.676100000000005,101.69025
2020-06-10,12,511147,51.1147,127.78675
2020-06-10,13,435493,43.5493,108.87325
2020-06-10,14,418794,41.879400000000004,104.6985
2020-06-10,15,365421,36.542100000000005,91.35525
2020-06-10,16,240544,24.0544,60.136
2020-06-10,17,266175,26.6175,66.54375
2020-06-10,18,152197,15.219700000000001,38.04925
2020-06-10,19,240429,24.0429,60.10725
2020-06-10,20,212382,21.238200000000003,53.0955
2020-06-10,21,173178,17.317800000000002,43.2945
2020-06-10,22,139739,13.9739,34.93475
2020-06-10,23,112141,11.2141,28.03525
2020-06-11,0,157071,15.7071,39.26775
2020-06-11,1,135053,13.5053,33.76325
2020-06-11,2,131628,13.1628,32.907000000000004
2020-06-11,3,128596,12.8596,32.149
2020-06-11,4,164929,16.492900000000002,41.23225
2020-06-11,5,181289,18.1289,45.322250000000004
2020-06-11,6,244213,24.421300000000002,61.05325
2020-06-11,7,389574,38.9574,97.3935
2020-06-11,8,460760,46.076,115.19
2020-06-11,9,481560,48.156,120.39
2020-06-11,10,462216,46.2216,115.554
2020-06-11,11,428188,42.8188,107.047
2020-06-11,12,440698,44.0698,110.17450000000001
2020-06-11,13,430672,43.0672,107.668
2020-06-11,14,399044,39.9044,99.761
2020-06-11,15,370575,37.057500000000005,92.64375
2020-06-11,16,281770,28.177,70.4425
2020-06-11,17,418990,41.899,104.7475
2020-06-11,18,269430,26.943,67.3575
2020-06-11,19,166306,16.6306,41.5765
2020-06-11,20,167392,16.7392,41.848
2020-06-11,21,132951,13.295100000000001,33.23775
2020-06-11,22,210806,21.0806,52.7015
2020-06-11,23,104121,10.4121,26.03025
2020-06-12,0,108079,10.8079,27.019750000000002
2020-06-12,1,121143,12.1143,30.28575
2020-06-12,2,121353,12.1353,30.338250000000002
2020-06-12,3,155963,15.596300000000001,38.99075
2020-06-12,4,143539,14.353900000000001,35.884750000000004
2020-06-12,5,173750,17.375,43.4375
2020-06-12,6,212516,21.2516,53.129
2020-06-12,7,277835,27.7835,69.45875
2020-06-12,8,350828,35.0828,87.70700000000001
2020-06-12,9,401030,40.103,100.25750000000001
2020-06-12,10,364311,36.4311,91.07775000000001
2020-06-12,11,332502,33.2502,83.1255
2020-06-12,12,300390,30.039,75.0975
2020-06-12,13,361032,36.1032,90.258
2020-06-12,14,365112,36.5112,91.278
2020-06-12,15,286858,28.6858,71.7145
2020-06-12,16,256977,25.6977,64.24425000000001
2020-06-12,17,339845,33.984500000000004,84.96125
2020-06-12,18,214926,21.4926,53.731500000000004
2020-06-12,19,189893,18.9893,47.47325
2020-06-12,20,233244,23.3244,58.311
2020-06-12,21,192520,19.252000000000002,48.13
2020-06-12,22,152663,15.266300000000001,38.16575
2020-06-12,23,160564,16.0564,40.141
2020-06-13,0,200492,20.049200000000003,50.123
2020-06-13,1,174846,17.4846,43.7115
2020-06-13,2,184409,18.4409,46.10225
2020-06-13,3,235260,23.526,58.815
2020-06-13,4,146131,14.613100000000001,36.53275
2020-06-13,5,125081,12.5081,31.27025
2020-06-13,6,122584,12.2584,30.646
2020-06-13,7,168709,16.870900000000002,42.17725
2020-06-13,8,197620,19.762,49.405
2020-06-13,9,157557,15.755700000000001,39.389250000000004
2020-06-13,10,135117,13.511700000000001,33.77925
2020-06-13,11,136251,13.6251,34.06275
2020-06-13,12,118370,11.837,29.5925
2020-06-13,13,121787,12.178700000000001,30.44675
2020-06-13,14,135627,13.562700000000001,33.90675
2020-06-13,15,104294,10.429400000000001,26.0735
2020-06-13,16,101033,10.1033,25.25825
2020-06-13,17,194124,19.4124,48.531
2020-06-13,18,121348,12.1348,30.337
2020-06-13,19,127738,12.773800000000001,31.9345
2020-06-13,20,161684,16.168400000000002,40.421
2020-06-13,21,148519,14.8519,37.12975
2020-06-13,22,169632,16.9632,42.408
2020-06-13,23,123365,12.336500000000001,30.841250000000002
2020-06-14,0,74362,7.4362,18.5905
2020-06-14,1,88865,8.8865,22.21625
2020-06-14,2,95786,9.5786,23.9465
2020-06-14,3,104900,10.49,26.225
2020-06-14,4,210484,21.0484,52.621
2020-06-14,5,147626,14.7626,36.9065
2020-06-14,6,126993,12.699300000000001,31.748250000000002
2020-06-14,7,100614,10.0614,25.1535
2020-06-14,8,99223,9.9223,24.80575
2020-06-14,9,118596,11.8596,29.649
2020-06-14,10,102869,10.286900000000001,25.71725
2020-06-14,11,125231,12.523100000000001,31.307750000000002
2020-06-14,12,110065,11.0065,27.51625
2020-06-14,13,146613,14.6613,36.65325
2020-06-14,14,101678,10.1678,25.4195
2020-06-14,15,39462,3.9462,9.8655
2020-06-14,16,27550,2.7550000000000003,6.8875
2020-06-14,17,48451,4.8451,12.11275
2020-06-14,18,54074,5.4074,13.5185
2020-06-14,19,60378,6.037800000000001,15.0945
2020-06-14,20,95084,9.5084,23.771
2020-06-14,21,106251,10.6251,26.56275
2020-06-14,22,128420,12.842,32.105000000000004
2020-06-14,23,115981,11.5981,28.995250000000002
2020-06-15,0,153628,15.3628,38.407000000000004
2020-06-15,1,179810,17.981,44.9525
2020-06-15,2,132886,13.2886,33.2215
2020-06-15,3,190944,19.0944,47.736000000000004
2020-06-15,4,149587,14.9587,37.39675
2020-06-15,5,160696,16.0696,40.174
2020-06-15,6,285823,28.5823,71.45575
2020-06-15,7,382609,38.2609,95.65225
2020-06-15,8,459334,45.9334,114.8335
2020-06-15,9,465281,46.5281,116.32025
2020-06-15,10,442226,44.2226,110.5565
2020-06-15,11,437958,43.7958,109.4895
2020-06-15,12,442865,44.286500000000004,110.71625
2020-06-15,13,465666,46.5666,116.4165
2020-06-15,14,459238,45.9238,114.8095
2020-06-15,15,386758,38.6758,96.6895
2020-06-15,16,346601,34.6601,86.65025
2020-06-15,17,353171,35.3171,88.29275
2020-06-15,18,246738,24.6738,61.6845
2020-06-15,19,238550,23.855,59.6375
2020-06-15,20,247955,24.7955,61.98875
2020-06-15,21,210385,21.038500000000003,52.59625
2020-06-15,22,229966,22.9966,57.4915
2020-06-15,23,240304,24.0304,60.076
2020-06-16,0,238262,23.8262,59.5655
2020-06-16,1,213188,21.3188,53.297000000000004
2020-06-16,2,238181,23.8181,59.54525
2020-06-16,3,264337,26.4337,66.08425
2020-06-16,4,231688,23.1688,57.922000000000004
2020-06-16,5,281593,28.1593,70.39825
2020-06-16,6,280280,28.028000000000002,70.07000000000001
2020-06-16,7,360028,36.0028,90.007
2020-06-16,8,411358,41.1358,102.8395
2020-06-16,9,455526,45.552600000000005,113.8815
2020-06-16,10,466880,46.688,116.72
2020-06-16,11,447561,44.7561,111.89025000000001
2020-06-16,12,440120,44.012,110.03
2020-06-16,13,456722,45.672200000000004,114.18050000000001
2020-06-16,14,434504,43.4504,108.626
2020-06-16,15,406726,40.6726,101.6815
2020-06-16,16,257411,25.741100000000003,64.35275
2020-06-16,17,242613,24.261300000000002,60.65325
2020-06-16,18,154707,15.4707,38.67675
2020-06-16,19,110047,11.0047,27.51175
2020-06-16,20,157377,15.7377,39.34425
2020-06-16,21,141306,14.130600000000001,35.3265
2020-06-16,22,130257,13.0257,32.56425
2020-06-16,23,98699,9.869900000000001,24.67475
2020-06-17,0,148226,14.822600000000001,37.0565
2020-06-17,1,142392,14.2392,35.598
2020-06-17,2,157005,15.7005,39.25125
2020-06-17,3,216487,21.6487,54.12175
2020-06-17,4,237124,23.712400000000002,59.281
2020-06-17,5,287942,28.7942,71.9855
2020-06-17,6,246476,24.6476,61.619
2020-06-17,7,364937,36.493700000000004,91.23425
2020-06-17,8,470003,47.0003,117.50075
2020-06-17,9,477909,47.7909,119.47725
2020-06-17,10,453895,45.389500000000005,113.47375
2020-06-17,11,394914,39.4914,98.7285
2020-06-17,12,388135,38.813500000000005,97.03375
2020-06-17,13,457007,45.700700000000005,114.25175
2020-06-17,14,430928,43.092800000000004,107.732
2020-06-17,15,379153,37.9153,94.78825
2020-06-17,16,275253,27.5253,68.81325
2020-06-17,17,208998,20.899800000000003,52.2495
2020-06-17,18,309817,30.9817,77.45425
2020-06-17,19,242820,24.282,60.705
2020-06-17,20,227446,22.744600000000002,56.8615
2020-06-17,21,199363,19.9363,49.84075
2020-06-17,22,324390,32.439,81.0975
2020-06-17,23,231877,23.1877,57.96925
2020-06-18,0,207321,20.732100000000003,51.83025
2020-06-18,1,167939,16.7939,41.98475
2020-06-18,2,152610,15.261000000000001,38.1525
2020-06-18,3,176830,17.683,44.2075
2020-06-18,4,219259,21.925900000000002,54.814750000000004
2020-06-18,5,251335,25.1335,62.83375
2020-06-18,6,264495,26.4495,66.12375
2020-06-18,7,349067,34.9067,87.26675
2020-06-18,8,495487,49.548700000000004,123.87175
2020-06-18,9,470582,47.0582,117.6455
2020-06-18,10,434984,43.498400000000004,108.74600000000001
2020-06-18,11,428246,42.824600000000004,107.0615
2020-06-18,12,360403,36.0403,90.10075
2020-06-18,13,380772,38.077200000000005,95.193
2020-06-18,14,380605,38.060500000000005,95.15125
2020-06-18,15,366457,36.645700000000005,91.61425
2020-06-18,16,312020,31.202,78.005
2020-06-18,17,276409,27.640900000000002,69.10225
2020-06-18,18,195462,19.546200000000002,48.865500000000004
2020-06-18,19,100853,10.0853,25.213250000000002
2020-06-18,20,104179,10.417900000000001,26.04475
2020-06-18,21,81669,8.1669,20.41725
2020-06-18,22,60228,6.0228,15.057
2020-06-18,23,62081,6.2081,15.52025
2020-06-19,0,101057,10.1057,25.26425
2020-06-19,1,83875,8.387500000000001,20.96875
2020-06-19,2,128913,12.891300000000001,32.22825
2020-06-19,3,200765,20.0765,50.191250000000004
2020-06-19,4,147056,14.7056,36.764
2020-06-19,5,144079,14.407900000000001,36.01975
2020-06-19,6,198149,19.8149,49.53725
2020-06-19,7,331835,33.1835,82.95875
2020-06-19,8,348862,34.8862,87.2155
2020-06-19,9,440960,44.096000000000004,110.24000000000001
2020-06-19,10,386541,38.6541,96.63525
2020-06-19,11,314834,31.483400000000003,78.7085
2020-06-19,12,308247,30.8247,77.06175
2020-06-19,13,333429,33.3429,83.35725000000001
2020-06-19,14,283516,28.3516,70.879
2020-06-19,15,276126,27.6126,69.03150000000001
2020-06-19,16,161198,16.1198,40.2995
2020-06-19,17,161130,16.113,40.2825
2020-06-19,18,123534,12.3534,30.8835
2020-06-19,19,69846,6.9846,17.4615
2020-06-19,20,73223,7.3223,18.30575
2020-06-19,21,52071,5.2071000000000005,13.01775
2020-06-19,22,242568,24.256800000000002,60.642
2020-06-19,23,171091,17.1091,42.77275
2020-06-20,0,175646,17.564600000000002,43.911500000000004
2020-06-20,1,103506,10.3506,25.8765
2020-06-20,2,97119,9.7119,24.27975
2020-06-20,3,162117,16.2117,40.52925
2020-06-20,4,102559,10.2559,25.63975
2020-06-20,5,101507,10.1507,25.37675
2020-06-20,6,114894,11.4894,28.7235
2020-06-20,7,162670,16.267,40.667500000000004
2020-06-20,8,89976,8.9976,22.494
2020-06-20,9,120654,12.0654,30.1635
2020-06-20,10,68072,6.8072,17.018
2020-06-20,11,81511,8.1511,20.37775
2020-06-20,12,64393,6.4393,16.09825
2020-06-20,13,51107,5.1107000000000005,12.77675
2020-06-20,14,65694,6.5694,16.4235
2020-06-20,15,60726,6.0726,15.1815
2020-06-20,16,38111,3.8111,9.527750000000001
2020-06-20,17,81260,8.126000000000001,20.315
2020-06-20,18,167202,16.720200000000002,41.8005
2020-06-20,19,52600,5.260000000000001,13.15
2020-06-20,20,77515,7.7515,19.37875
2020-06-20,21,75083,7.5083,18.77075
2020-06-20,22,179767,17.9767,44.94175
2020-06-20,23,164873,16.4873,41.21825
2020-06-21,0,154682,15.468200000000001,38.670500000000004
2020-06-21,1,148218,14.821800000000001,37.0545
2020-06-21,2,160820,16.082,40.205
2020-06-21,3,86061,8.6061,21.51525
2020-06-21,4,167942,16.7942,41.9855
2020-06-21,5,95343,9.5343,23.83575
2020-06-21,6,125725,12.5725,31.431250000000002
2020-06-21,7,53057,5.3057,13.26425
2020-06-21,8,60616,6.0616,15.154
2020-06-21,9,47077,4.7077,11.76925
2020-06-21,10,46228,4.6228,11.557
2020-06-21,11,39511,3.9511000000000003,9.87775
2020-06-21,12,47535,4.7535,11.883750000000001
2020-06-21,13,56517,5.6517,14.12925
2020-06-21,14,37671,3.7671,9.41775
2020-06-21,15,47590,4.759,11.8975
2020-06-21,16,88376,8.8376,22.094
2020-06-21,17,84216,8.4216,21.054000000000002
2020-06-21,18,66512,6.6512,16.628
2020-06-21,19,51264,5.1264,12.816
2020-06-21,20,66863,6.6863,16.71575
2020-06-21,21,69328,6.9328,17.332
2020-06-21,22,120462,12.0462,30.1155
2020-06-21,23,75913,7.5913,18.97825
2020-06-22,0,91959,9.1959,22.98975
2020-06-22,1,109890,10.989,27.4725
2020-06-22,2,96025,9.602500000000001,24.00625
2020-06-22,3,170751,17.0751,42.68775
2020-06-22,4,121589,12.158900000000001,30.39725
2020-06-22,5,117797,11.7797,29.44925
2020-06-22,6,221249,22.1249,55.31225
2020-06-22,7,284299,28.4299,71.07475
2020-06-22,8,368828,36.8828,92.20700000000001
2020-06-22,9,402285,40.228500000000004,100.57125
2020-06-22,10,451261,45.1261,112.81525
2020-06-22,11,464717,46.471700000000006,116.17925
2020-06-22,12,409215,40.9215,102.30375000000001
2020-06-22,13,427554,42.7554,106.88850000000001
2020-06-22,14,385265,38.5265,96.31625
2020-06-22,15,370883,37.088300000000004,92.72075
2020-06-22,16,236044,23.604400000000002,59.011
2020-06-22,17,218391,21.839100000000002,54.59775
2020-06-22,18,251215,25.1215,62.80375
2020-06-22,19,119164,11.916400000000001,29.791
2020-06-22,20,147979,14.7979,36.99475
2020-06-22,21,122002,12.2002,30.500500000000002
2020-06-22,22,240224,24.0224,60.056000000000004
2020-06-22,23,177547,17.7547,44.38675
2020-06-23,0,249693,24.9693,62.42325
2020-06-23,1,149930,14.993,37.4825
2020-06-23,2,146181,14.6181,36.54525
2020-06-23,3,162628,16.262800000000002,40.657000000000004
2020-06-23,4,162298,16.2298,40.5745
2020-06-23,5,149104,14.910400000000001,37.276
2020-06-23,6,246218,24.6218,61.554500000000004
2020-06-23,7,321715,32.1715,80.42875000000001
2020-06-23,8,371667,37.1667,92.91675000000001
2020-06-23,9,416882,41.6882,104.2205
2020-06-23,10,419780,41.978,104.94500000000001
2020-06-23,11,392127,39.212700000000005,98.03175
2020-06-23,12,375145,37.514500000000005,93.78625
2020-06-23,13,388190,38.819,97.0475
2020-06-23,14,397619,39.761900000000004,99.40475
2020-06-23,15,355406,35.540600000000005,88.8515
2020-06-23,16,249279,24.9279,62.31975
2020-06-23,17,160959,16.0959,40.23975
2020-06-23,18,130826,13.082600000000001,32.7065
2020-06-23,19,157661,15.766100000000002,39.41525
2020-06-23,20,160546,16.0546,40.1365
2020-06-23,21,109529,10.952900000000001,27.38225
2020-06-23,22,176955,17.6955,44.23875
2020-06-23,23,151963,15.1963,37.99075
2020-06-24,0,170611,17.0611,42.65275
2020-06-24,1,159253,15.9253,39.813250000000004
2020-06-24,2,213281,21.328100000000003,53.32025
2020-06-24,3,219183,21.918300000000002,54.79575
2020-06-24,4,261491,26.1491,65.37275
2020-06-24,5,300162,30.0162,75.04050000000001
2020-06-24,6,233657,23.3657,58.41425
2020-06-24,7,412728,41.272800000000004,103.182
2020-06-24,8,440842,44.0842,110.2105
2020-06-24,9,485240,48.524,121.31
2020-06-24,10,467175,46.7175,116.79375
2020-06-24,11,410887,41.0887,102.72175
2020-06-24,12,361956,36.1956,90.489
2020-06-24,13,381874,38.187400000000004,95.4685
2020-06-24,14,405710,40.571000000000005,101.42750000000001
2020-06-24,15,359980,35.998000000000005,89.995
2020-06-24,16,250551,25.0551,62.637750000000004
2020-06-24,17,189342,18.9342,47.3355
2020-06-24,18,238216,23.8216,59.554
2020-06-24,19,93971,9.3971,23.49275
2020-06-24,20,122331,12.2331,30.58275
2020-06-24,21,103584,10.358400000000001,25.896
2020-06-24,22,108030,10.803,27.0075
2020-06-24,23,95475,9.547500000000001,23.868750000000002
2020-06-25,0,144203,14.420300000000001,36.05075
2020-06-25,1,133877,13.3877,33.46925
2020-06-25,2,140447,14.0447,35.11175
2020-06-25,3,138659,13.8659,34.66475
2020-06-25,4,131978,13.1978,32.9945
2020-06-25,5,170857,17.0857,42.71425
2020-06-25,6,187196,18.7196,46.799
2020-06-25,7,364528,36.4528,91.132
2020-06-25,8,355686,35.5686,88.92150000000001
2020-06-25,9,429869,42.9869,107.46725
2020-06-25,10,406544,40.6544,101.636
2020-06-25,11,395682,39.568200000000004,98.9205
2020-06-25,12,354443,35.4443,88.61075
2020-06-25,13,387850,38.785000000000004,96.9625
2020-06-25,14,389225,38.9225,97.30625
2020-06-25,15,359136,35.9136,89.784
2020-06-25,16,264250,26.425,66.0625
2020-06-25,17,188859,18.8859,47.21475
2020-06-25,18,140811,14.081100000000001,35.20275
2020-06-25,19,91775,9.1775,22.94375
2020-06-25,20,106596,10.659600000000001,26.649
2020-06-25,21,88402,8.840200000000001,22.1005
2020-06-25,22,104297,10.4297,26.07425
2020-06-25,23,78793,7.879300000000001,19.69825
2020-06-26,0,105107,10.5107,26.27675
2020-06-26,1,101765,10.1765,25.44125
2020-06-26,2,128398,12.8398,32.0995
2020-06-26,3,155121,15.5121,38.78025
2020-06-26,4,143936,14.393600000000001,35.984
2020-06-26,5,145519,14.5519,36.37975
2020-06-26,6,175714,17.5714,43.9285
2020-06-26,7,320535,32.0535,80.13375
2020-06-26,8,351197,35.1197,87.79925
2020-06-26,9,356058,35.6058,89.0145
2020-06-26,10,346830,34.683,86.7075
2020-06-26,11,311435,31.143500000000003,77.85875
2020-06-26,12,317376,31.7376,79.34400000000001
2020-06-26,13,330300,33.03,82.575
2020-06-26,14,289116,28.9116,72.279
2020-06-26,15,280786,28.0786,70.1965
2020-06-26,16,198978,19.8978,49.7445
2020-06-26,17,196188,19.6188,49.047000000000004
2020-06-26,18,277605,27.7605,69.40125
2020-06-26,19,166176,16.6176,41.544000000000004
2020-06-26,20,131229,13.122900000000001,32.80725
2020-06-26,21,88950,8.895,22.2375
2020-06-26,22,191156,19.1156,47.789
2020-06-26,23,242389,24.2389,60.59725
2020-06-27,0,230758,23.0758,57.6895
2020-06-27,1,233120,23.312,58.28
2020-06-27,2,226787,22.678700000000003,56.69675
2020-06-27,3,225787,22.5787,56.44675
2020-06-27,4,169215,16.9215,42.30375
2020-06-27,5,161652,16.165200000000002,40.413000000000004
2020-06-27,6,171759,17.175900000000002,42.939750000000004
2020-06-27,7,262386,26.2386,65.5965
2020-06-27,8,221969,22.1969,55.49225
2020-06-27,9,121137,12.113700000000001,30.28425
2020-06-27,10,129179,12.917900000000001,32.29475
2020-06-27,11,91545,9.1545,22.88625
2020-06-27,12,68490,6.849,17.1225
2020-06-27,13,59467,5.9467,14.86675
2020-06-27,14,100417,10.0417,25.10425
2020-06-27,15,84584,8.458400000000001,21.146
2020-06-27,16,43693,4.3693,10.92325
2020-06-27,17,47428,4.7428,11.857000000000001
2020-06-27,18,59345,5.9345,14.83625
2020-06-27,19,50542,5.0542,12.6355
2020-06-27,20,58495,5.8495,14.623750000000001
2020-06-27,21,48812,4.881200000000001,12.203
2020-06-27,22,78156,7.815600000000001,19.539
2020-06-27,23,123440,12.344000000000001,30.86
2020-06-28,0,171213,17.1213,42.80325
2020-06-28,1,118572,11.8572,29.643
2020-06-28,2,128621,12.8621,32.15525
2020-06-28,3,91734,9.1734,22.933500000000002
2020-06-28,4,133988,13.398800000000001,33.497
2020-06-28,5,71093,7.1093,17.77325
2020-06-28,6,87294,8.7294,21.8235
2020-06-28,7,78544,7.8544,19.636
2020-06-28,8,61718,6.1718,15.4295
2020-06-28,9,73783,7.3783,18.44575
2020-06-28,10,68179,6.817900000000001,17.04475
2020-06-28,11,78693,7.8693,19.67325
2020-06-28,12,58619,5.8619,14.65475
2020-06-28,13,71218,7.1218,17.8045
2020-06-28,14,52724,5.2724,13.181000000000001
2020-06-28,15,87154,8.7154,21.7885
2020-06-28,16,82861,8.286100000000001,20.71525
2020-06-28,17,99824,9.9824,24.956
2020-06-28,18,127958,12.7958,31.9895
2020-06-28,19,54242,5.4242,13.560500000000001
2020-06-28,20,92106,9.210600000000001,23.026500000000002
2020-06-28,21,114396,11.4396,28.599
2020-06-28,22,106301,10.6301,26.57525
2020-06-28,23,70227,7.0227,17.55675
2020-06-29,0,209050,20.905,52.2625
2020-06-29,1,269590,26.959,67.39750000000001
2020-06-29,2,211179,21.117900000000002,52.79475
2020-06-29,3,167658,16.765800000000002,41.914500000000004
2020-06-29,4,127195,12.7195,31.798750000000002
2020-06-29,5,121318,12.1318,30.3295
2020-06-29,6,267026,26.7026,66.7565
2020-06-29,7,290804,29.0804,72.70100000000001
2020-06-29,8,377093,37.7093,94.27325
2020-06-29,9,411841,41.1841,102.96025
2020-06-29,10,450888,45.0888,112.72200000000001
2020-06-29,11,408904,40.8904,102.226
2020-06-29,12,378542,37.8542,94.63550000000001
2020-06-29,13,423218,42.3218,105.8045
2020-06-29,14,365816,36.5816,91.45400000000001
2020-06-29,15,333941,33.3941,83.48525000000001
2020-06-29,16,253935,25.3935,63.48375
2020-06-29,17,223186,22.3186,55.7965
2020-06-29,18,182103,18.2103,45.52575
2020-06-29,19,135710,13.571000000000002,33.9275
2020-06-29,20,133752,13.375200000000001,33.438
2020-06-29,21,92710,9.271,23.177500000000002
2020-06-29,22,121061,12.106100000000001,30.26525
2020-06-29,23,96086,9.608600000000001,24.0215
2020-06-30,0,106004,10.6004,26.501
2020-06-30,1,107660,10.766,26.915
2020-06-30,2,111544,11.1544,27.886
2020-06-30,3,175216,17.5216,43.804
2020-06-30,4,181293,18.1293,45.32325
2020-06-30,5,168376,16.837600000000002,42.094
2020-06-30,6,258593,25.8593,64.64825
2020-06-30,7,347481,34.7481,86.87025
2020-06-30,8,399458,39.9458,99.8645
2020-06-30,9,408666,40.866600000000005,102.1665
2020-06-30,10,414469,41.4469,103.61725
2020-06-30,11,405832,40.583200000000005,101.458
2020-06-30,12,364512,36.4512,91.128
2020-06-30,13,327445,32.7445,81.86125
2020-06-30,14,382351,38.2351,95.58775
2020-06-30,15,381642,38.1642,95.4105
2020-06-30,16,250470,25.047,62.6175
2020-06-30,17,196114,19.6114,49.0285
2020-06-30,18,268879,26.887900000000002,67.21975
2020-06-30,19,110928,11.0928,27.732
2020-06-30,20,114979,11.497900000000001,28.74475
2020-06-30,21,119972,11.997200000000001,29.993000000000002
2020-06-30,22,129925,12.992500000000001,32.48125
2020-06-30,23,242357,24.2357,60.58925
2020-07-01,0,262036,26.2036,65.509
2020-07-01,1,290145,29.0145,72.53625
2020-07-01,2,307036,30.7036,76.759
2020-07-01,3,421551,42.155100000000004,105.38775
2020-07-01,4,406084,40.6084,101.521
2020-07-01,5,351941,35.1941,87.98525000000001
2020-07-01,6,361494,36.1494,90.3735
2020-07-01,7,445785,44.578500000000005,111.44625
2020-07-01,8,517608,51.7608,129.40200000000002
2020-07-01,9,565953,56.5953,141.48825
2020-07-01,10,553162,55.3162,138.2905
2020-07-01,11,506409,50.6409,126.60225
2020-07-01,12,447334,44.7334,111.8335
2020-07-01,13,521386,52.138600000000004,130.3465
2020-07-01,14,425707,42.5707,106.42675
2020-07-01,15,429323,42.932300000000005,107.33075000000001
2020-07-01,16,328522,32.8522,82.1305
2020-07-01,17,314388,31.4388,78.59700000000001
2020-07-01,18,357261,35.7261,89.31525
2020-07-01,19,231161,23.1161,57.79025
2020-07-01,20,127061,12.706100000000001,31.76525
2020-07-01,21,120139,12.013900000000001,30.03475
2020-07-01,22,194395,19.439500000000002,48.59875
2020-07-01,23,196368,19.6368,49.092
2020-07-02,0,270679,27.0679,67.66975000000001
2020-07-02,1,319439,31.943900000000003,79.85975
2020-07-02,2,250929,25.0929,62.73225
2020-07-02,3,222901,22.290100000000002,55.72525
2020-07-02,4,181041,18.104100000000003,45.26025
2020-07-02,5,198469,19.8469,49.61725
2020-07-02,6,204681,20.4681,51.17025
2020-07-02,7,409474,40.9474,102.3685
2020-07-02,8,272634,27.2634,68.1585
2020-07-02,9,251583,25.1583,62.89575
2020-07-02,10,242754,24.2754,60.688500000000005
2020-07-02,11,215306,21.5306,53.8265
2020-07-02,12,225508,22.550800000000002,56.377
2020-07-02,13,201608,20.160800000000002,50.402
2020-07-02,14,242939,24.2939,60.73475
2020-07-02,15,215970,21.597,53.9925
2020-07-02,16,165089,16.5089,41.27225
2020-07-02,17,151768,15.1768,37.942
2020-07-02,18,143779,14.3779,35.94475
2020-07-02,19,97527,9.7527,24.38175
2020-07-02,20,91862,9.186200000000001,22.965500000000002
2020-07-02,21,68137,6.813700000000001,17.03425
2020-07-02,22,22315,2.2315,5.57875
2020-07-02,23,55459,5.5459000000000005,13.86475
2020-07-03,0,80136,8.0136,20.034
2020-07-03,1,187448,18.7448,46.862
2020-07-03,2,209997,20.9997,52.49925
2020-07-03,3,245154,24.5154,61.2885
2020-07-03,4,166530,16.653000000000002,41.6325
2020-07-03,5,176136,17.6136,44.034
2020-07-03,6,140866,14.0866,35.2165
2020-07-03,7,219650,21.965,54.9125
2020-07-03,8,145941,14.594100000000001,36.48525
2020-07-03,9,143700,14.370000000000001,35.925000000000004
2020-07-03,10,144441,14.4441,36.11025
2020-07-03,11,126096,12.6096,31.524
2020-07-03,12,120731,12.0731,30.182750000000002
2020-07-03,13,109410,10.941,27.3525
2020-07-03,14,133706,13.370600000000001,33.4265
2020-07-03,15,109657,10.9657,27.41425
2020-07-03,16,167356,16.7356,41.839
2020-07-03,17,191735,19.1735,47.93375
2020-07-03,18,105522,10.552200000000001,26.3805
2020-07-03,19,144935,14.493500000000001,36.23375
2020-07-03,20,269062,26.906200000000002,67.2655
2020-07-03,21,207445,20.744500000000002,51.86125
2020-07-03,22,209278,20.9278,52.3195
2020-07-03,23,183271,18.3271,45.817750000000004
2020-07-04,0,151254,15.1254,37.8135
2020-07-04,1,149499,14.949900000000001,37.37475
2020-07-04,2,133675,13.367500000000001,33.41875
2020-07-04,3,195596,19.5596,48.899
2020-07-04,4,119178,11.9178,29.7945
2020-07-04,5,99875,9.9875,24.96875
2020-07-04,6,91809,9.180900000000001,22.95225
2020-07-04,7,168765,16.8765,42.191250000000004
2020-07-04,8,65573,6.557300000000001,16.393250000000002
2020-07-04,9,68473,6.847300000000001,17.11825
2020-07-04,10,91686,9.1686,22.9215
2020-07-04,11,74006,7.400600000000001,18.5015
2020-07-04,12,73363,7.3363000000000005,18.34075
2020-07-04,13,59500,5.95,14.875
2020-07-04,14,68768,6.8768,17.192
2020-07-04,15,65483,6.5483,16.37075
2020-07-04,16,148675,14.867500000000001,37.16875
2020-07-04,17,104393,10.439300000000001,26.09825
2020-07-04,18,189010,18.901,47.2525
2020-07-04,19,88245,8.8245,22.06125
2020-07-04,20,114738,11.4738,28.6845
2020-07-04,21,64318,6.4318,16.0795
2020-07-04,22,112497,11.2497,28.12425
2020-07-04,23,80704,8.070400000000001,20.176000000000002
2020-07-05,0,67948,6.7948,16.987000000000002
2020-07-05,1,73478,7.3478,18.3695
2020-07-05,2,157345,15.7345,39.33625
2020-07-05,3,97734,9.7734,24.433500000000002
2020-07-05,4,140454,14.0454,35.1135
2020-07-05,5,79639,7.963900000000001,19.90975
2020-07-05,6,71958,7.1958,17.9895
2020-07-05,7,62060,6.206,15.515
2020-07-05,8,49568,4.9568,12.392
2020-07-05,9,59772,5.9772,14.943
2020-07-05,10,83567,8.3567,20.891750000000002
2020-07-05,11,91573,9.157300000000001,22.893250000000002
2020-07-05,12,115929,11.5929,28.98225
2020-07-05,13,114781,11.478100000000001,28.69525
2020-07-05,14,88408,8.8408,22.102
2020-07-05,15,116046,11.604600000000001,29.0115
2020-07-05,16,112655,11.265500000000001,28.16375
2020-07-05,17,117764,11.7764,29.441
2020-07-05,18,162771,16.2771,40.692750000000004
2020-07-05,19,118289,11.8289,29.57225
2020-07-05,20,157620,15.762,39.405
2020-07-05,21,95161,9.5161,23.79025
2020-07-05,22,127070,12.707,31.767500000000002
2020-07-05,23,118617,11.8617,29.65425
2020-07-06,0,191255,19.125500000000002,47.81375
2020-07-06,1,133813,13.381300000000001,33.453250000000004
2020-07-06,2,139823,13.9823,34.95575
2020-07-06,3,168342,16.8342,42.0855
2020-07-06,4,142933,14.2933,35.73325
2020-07-06,5,113276,11.3276,28.319
2020-07-06,6,187976,18.7976,46.994
2020-07-06,7,313057,31.3057,78.26425
2020-07-06,8,424099,42.4099,106.02475
2020-07-06,9,515957,51.5957,128.98925
2020-07-06,10,498013,49.801300000000005,124.50325000000001
2020-07-06,11,447137,44.7137,111.78425
2020-07-06,12,448508,44.8508,112.127
2020-07-06,13,467004,46.7004,116.751
2020-07-06,14,473967,47.3967,118.49175
2020-07-06,15,413085,41.3085,103.27125000000001
2020-07-06,16,317923,31.7923,79.48075
2020-07-06,17,292790,29.279,73.1975
2020-07-06,18,202971,20.2971,50.74275
2020-07-06,19,150078,15.007800000000001,37.5195
2020-07-06,20,250525,25.052500000000002,62.63125
2020-07-06,21,142647,14.264700000000001,35.66175
2020-07-06,22,181976,18.1976,45.494
2020-07-06,23,217225,21.7225,54.30625
2020-07-07,0,219400,21.94,54.85
2020-07-07,1,179022,17.9022,44.7555
2020-07-07,2,238256,23.8256,59.564
2020-07-07,3,268662,26.866200000000003,67.1655
2020-07-07,4,221749,22.1749,55.43725
2020-07-07,5,230402,23.040200000000002,57.600500000000004
2020-07-07,6,259384,25.9384,64.846
2020-07-07,7,384528,38.4528,96.132
2020-07-07,8,443667,44.3667,110.91675000000001
2020-07-07,9,486429,48.642900000000004,121.60725000000001
2020-07-07,10,494815,49.481500000000004,123.70375
2020-07-07,11,470086,47.0086,117.5215
2020-07-07,12,418864,41.8864,104.71600000000001
2020-07-07,13,420527,42.0527,105.13175
2020-07-07,14,472849,47.2849,118.21225
2020-07-07,15,426572,42.6572,106.643
2020-07-07,16,289890,28.989,72.4725
2020-07-07,17,188412,18.8412,47.103
2020-07-07,18,294202,29.4202,73.5505
2020-07-07,19,165008,16.5008,41.252
2020-07-07,20,139820,13.982000000000001,34.955
2020-07-07,21,94217,9.421700000000001,23.55425
2020-07-07,22,123609,12.3609,30.902250000000002
2020-07-07,23,98005,9.800500000000001,24.50125
2020-07-08,0,126305,12.630500000000001,31.57625
2020-07-08,1,137045,13.704500000000001,34.261250000000004
2020-07-08,2,140790,14.079,35.1975
2020-07-08,3,144513,14.4513,36.12825
2020-07-08,4,122360,12.236,30.59
2020-07-08,5,144658,14.465800000000002,36.164500000000004
2020-07-08,6,210766,21.076600000000003,52.6915
2020-07-08,7,409408,40.9408,102.352
2020-07-08,8,453795,45.3795,113.44875
2020-07-08,9,462169,46.2169,115.54225
2020-07-08,10,481993,48.1993,120.49825
2020-07-08,11,438320,43.832,109.58
2020-07-08,12,427622,42.7622,106.9055
2020-07-08,13,431111,43.1111,107.77775
2020-07-08,14,433701,43.3701,108.42525
2020-07-08,15,366796,36.6796,91.699
2020-07-08,16,371083,37.1083,92.77075
2020-07-08,17,293916,29.3916,73.479
2020-07-08,18,317768,31.7768,79.44200000000001
2020-07-08,19,319930,31.993000000000002,79.9825
2020-07-08,20,236483,23.648300000000003,59.12075
2020-07-08,21,101332,10.1332,25.333000000000002
2020-07-08,22,254440,25.444000000000003,63.61
2020-07-08,23,216816,21.6816,54.204
2020-07-09,0,221142,22.1142,55.2855
2020-07-09,1,164292,16.4292,41.073
2020-07-09,2,185697,18.5697,46.42425
2020-07-09,3,169418,16.9418,42.3545
2020-07-09,4,233531,23.3531,58.38275
2020-07-09,5,191359,19.1359,47.83975
2020-07-09,6,198031,19.8031,49.50775
2020-07-09,7,315056,31.5056,78.764
2020-07-09,8,416153,41.615300000000005,104.03825
2020-07-09,9,454908,45.4908,113.727
2020-07-09,10,447843,44.7843,111.96075
2020-07-09,11,390654,39.065400000000004,97.6635
2020-07-09,12,417910,41.791000000000004,104.4775
2020-07-09,13,407162,40.7162,101.79050000000001
2020-07-09,14,360683,36.0683,90.17075
2020-07-09,15,376050,37.605000000000004,94.0125
2020-07-09,16,347607,34.7607,86.90175
2020-07-09,17,178736,17.8736,44.684
2020-07-09,18,239948,23.9948,59.987
2020-07-09,19,219889,21.9889,54.97225
2020-07-09,20,203605,20.360500000000002,50.901250000000005
2020-07-09,21,97572,9.757200000000001,24.393
2020-07-09,22,186775,18.677500000000002,46.69375
2020-07-09,23,144934,14.493400000000001,36.2335
2020-07-10,0,175316,17.5316,43.829
2020-07-10,1,150329,15.032900000000001,37.58225
2020-07-10,2,202938,20.2938,50.734500000000004
2020-07-10,3,259816,25.9816,64.95400000000001
2020-07-10,4,213167,21.3167,53.29175
2020-07-10,5,175413,17.5413,43.85325
2020-07-10,6,205692,20.569200000000002,51.423
2020-07-10,7,350498,35.049800000000005,87.6245
2020-07-10,8,386234,38.623400000000004,96.5585
2020-07-10,9,398477,39.8477,99.61925000000001
2020-07-10,10,389977,38.9977,97.49425000000001
2020-07-10,11,360881,36.088100000000004,90.22025000000001
2020-07-10,12,350967,35.0967,87.74175
2020-07-10,13,401834,40.1834,100.4585
2020-07-10,14,311609,31.1609,77.90225
2020-07-10,15,295943,29.5943,73.98575
2020-07-10,16,231255,23.125500000000002,57.81375
2020-07-10,17,168207,16.820700000000002,42.05175
2020-07-10,18,145054,14.5054,36.2635
2020-07-10,19,118899,11.8899,29.72475
2020-07-10,20,157282,15.728200000000001,39.3205
2020-07-10,21,107959,10.795900000000001,26.98975
2020-07-10,22,144127,14.412700000000001,36.03175
2020-07-10,23,156980,15.698,39.245
2020-07-11,0,163092,16.3092,40.773
2020-07-11,1,113775,11.377500000000001,28.44375
2020-07-11,2,143528,14.3528,35.882
2020-07-11,3,229583,22.9583,57.39575
2020-07-11,4,141369,14.1369,35.34225
2020-07-11,5,120673,12.067300000000001,30.16825
2020-07-11,6,111284,11.128400000000001,27.821
2020-07-11,7,108371,10.837100000000001,27.092750000000002
2020-07-11,8,178371,17.8371,44.59275
2020-07-11,9,100584,10.0584,25.146
2020-07-11,10,92348,9.2348,23.087
2020-07-11,11,76197,7.619700000000001,19.04925
2020-07-11,12,75673,7.5673,18.91825
2020-07-11,13,73047,7.3047,18.26175
2020-07-11,14,56094,5.6094,14.0235
2020-07-11,15,57946,5.7946,14.4865
2020-07-11,16,73066,7.3066,18.2665
2020-07-11,17,71858,7.1858,17.9645
2020-07-11,18,152392,15.2392,38.098
2020-07-11,19,125401,12.5401,31.35025
2020-07-11,20,72727,7.2727,18.18175
2020-07-11,21,57035,5.7035,14.258750000000001
2020-07-11,22,65527,6.552700000000001,16.38175
2020-07-11,23,49427,4.9427,12.35675
2020-07-12,0,72359,7.2359,18.08975
2020-07-12,1,295689,29.568900000000003,73.92225
2020-07-12,2,168152,16.8152,42.038000000000004
2020-07-12,3,101706,10.1706,25.4265
2020-07-12,4,182723,18.2723,45.68075
2020-07-12,5,126990,12.699,31.747500000000002
2020-07-12,6,75063,7.5063,18.76575
2020-07-12,7,86333,8.6333,21.58325
2020-07-12,8,59258,5.925800000000001,14.8145
2020-07-12,9,54508,5.4508,13.627
2020-07-12,10,52164,5.2164,13.041
2020-07-12,11,57307,5.730700000000001,14.32675
2020-07-12,12,52939,5.2939,13.23475
2020-07-12,13,81988,8.1988,20.497
2020-07-12,14,54993,5.4993,13.74825
2020-07-12,15,59850,5.985,14.9625
2020-07-12,16,109569,10.956900000000001,27.39225
2020-07-12,17,59035,5.9035,14.758750000000001
2020-07-12,18,136520,13.652000000000001,34.13
2020-07-12,19,86108,8.610800000000001,21.527
2020-07-12,20,104150,10.415000000000001,26.0375
2020-07-12,21,91620,9.162,22.905
2020-07-12,22,115321,11.5321,28.83025
2020-07-12,23,129811,12.981100000000001,32.45275
2020-07-13,0,161525,16.1525,40.38125
2020-07-13,1,154807,15.4807,38.701750000000004
2020-07-13,2,127938,12.793800000000001,31.9845
2020-07-13,3,194366,19.436600000000002,48.5915
2020-07-13,4,129296,12.9296,32.324
2020-07-13,5,119200,11.92,29.8
2020-07-13,6,250282,25.028200000000002,62.5705
2020-07-13,7,326467,32.6467,81.61675
2020-07-13,8,414698,41.4698,103.67450000000001
2020-07-13,9,499600,49.96,124.9
2020-07-13,10,479826,47.982600000000005,119.9565
2020-07-13,11,454115,45.411500000000004,113.52875
2020-07-13,12,390149,39.014900000000004,97.53725
2020-07-13,13,438454,43.845400000000005,109.6135
2020-07-13,14,434288,43.4288,108.572
2020-07-13,15,395106,39.510600000000004,98.7765
2020-07-13,16,276108,27.6108,69.027
2020-07-13,17,234386,23.4386,58.5965
2020-07-13,18,239271,23.927100000000003,59.817750000000004
2020-07-13,19,199904,19.9904,49.976
2020-07-13,20,172312,17.2312,43.078
2020-07-13,21,139708,13.9708,34.927
2020-07-13,22,144316,14.431600000000001,36.079
2020-07-13,23,133863,13.3863,33.46575
2020-07-14,0,146935,14.6935,36.73375
2020-07-14,1,169200,16.92,42.300000000000004
2020-07-14,2,192678,19.2678,48.1695
2020-07-14,3,264055,26.4055,66.01375
2020-07-14,4,198831,19.883100000000002,49.707750000000004
2020-07-14,5,166879,16.6879,41.71975
2020-07-14,6,264418,26.4418,66.1045
2020-07-14,7,366235,36.6235,91.55875
2020-07-14,8,433180,43.318000000000005,108.295
2020-07-14,9,478737,47.8737,119.68425
2020-07-14,10,486222,48.6222,121.55550000000001
2020-07-14,11,438111,43.8111,109.52775
2020-07-14,12,441496,44.1496,110.374
2020-07-14,13,419103,41.9103,104.77575
2020-07-14,14,415971,41.597100000000005,103.99275
2020-07-14,15,389292,38.9292,97.32300000000001
2020-07-14,16,266480,26.648,66.62
2020-07-14,17,263935,26.3935,65.98375
2020-07-14,18,155075,15.5075,38.768750000000004
2020-07-14,19,108420,10.842,27.105
2020-07-14,20,138434,13.8434,34.6085
2020-07-14,21,98272,9.827200000000001,24.568
2020-07-14,22,102040,10.204,25.51
2020-07-14,23,94547,9.4547,23.63675
2020-07-15,0,103547,10.354700000000001,25.88675
2020-07-15,1,104882,10.4882,26.2205
2020-07-15,2,140088,14.0088,35.022
2020-07-15,3,149244,14.9244,37.311
2020-07-15,4,100232,10.023200000000001,25.058
2020-07-15,5,158274,15.8274,39.5685
2020-07-15,6,202501,20.2501,50.62525
2020-07-15,7,358023,35.8023,89.50575
2020-07-15,8,428356,42.8356,107.089
2020-07-15,9,492525,49.252500000000005,123.13125000000001
2020-07-15,10,505691,50.569100000000006,126.42275000000001
2020-07-15,11,320589,32.0589,80.14725
2020-07-15,12,372826,37.2826,93.2065
2020-07-15,13,437355,43.7355,109.33875
2020-07-15,14,413768,41.3768,103.44200000000001
2020-07-15,15,388509,38.8509,97.12725
2020-07-15,16,305308,30.530800000000003,76.327
2020-07-15,17,228411,22.8411,57.10275
2020-07-15,18,200271,20.0271,50.067750000000004
2020-07-15,19,219930,21.993000000000002,54.9825
2020-07-15,20,172277,17.227700000000002,43.069250000000004
2020-07-15,21,84699,8.4699,21.17475
2020-07-15,22,136240,13.624,34.06
2020-07-15,23,152819,15.2819,38.204750000000004
2020-07-16,0,141533,14.153300000000002,35.383250000000004
2020-07-16,1,183313,18.331300000000002,45.828250000000004
2020-07-16,2,244658,24.4658,61.164500000000004
2020-07-16,3,198676,19.8676,49.669000000000004
2020-07-16,4,193569,19.3569,48.392250000000004
2020-07-16,5,190424,19.0424,47.606
2020-07-16,6,207434,20.7434,51.8585
2020-07-16,7,358327,35.8327,89.58175
2020-07-16,8,381083,38.1083,95.27075
2020-07-16,9,404959,40.4959,101.23975
2020-07-16,10,426910,42.691,106.7275
2020-07-16,11,384311,38.4311,96.07775000000001
2020-07-16,12,365173,36.5173,91.29325
2020-07-16,13,395973,39.597300000000004,98.99325
2020-07-16,14,354379,35.4379,88.59475
2020-07-16,15,361386,36.138600000000004,90.3465
2020-07-16,16,294243,29.424300000000002,73.56075
2020-07-16,17,204801,20.4801,51.200250000000004
2020-07-16,18,171120,17.112000000000002,42.78
2020-07-16,19,186701,18.6701,46.67525
2020-07-16,20,180421,18.0421,45.10525
2020-07-16,21,106553,10.6553,26.63825
2020-07-16,22,64288,6.428800000000001,16.072
2020-07-16,23,165554,16.555400000000002,41.3885
2020-07-17,0,146360,14.636000000000001,36.59
2020-07-17,1,204250,20.425,51.0625
2020-07-17,2,254000,25.400000000000002,63.5
2020-07-17,3,234090,23.409000000000002,58.5225
2020-07-17,4,185614,18.561400000000003,46.4035
2020-07-17,5,169772,16.9772,42.443
2020-07-17,6,206460,20.646,51.615
2020-07-17,7,346533,34.6533,86.63325
2020-07-17,8,383700,38.370000000000005,95.925
2020-07-17,9,447852,44.7852,111.96300000000001
2020-07-17,10,386467,38.6467,96.61675
2020-07-17,11,358605,35.8605,89.65125
2020-07-17,12,376289,37.6289,94.07225
2020-07-17,13,353238,35.3238,88.3095
2020-07-17,14,313929,31.3929,78.48225000000001
2020-07-17,15,281779,28.1779,70.44475
2020-07-17,16,179073,17.9073,44.76825
2020-07-17,17,140939,14.093900000000001,35.23475
2020-07-17,18,108826,10.8826,27.206500000000002
2020-07-17,19,101607,10.1607,25.40175
2020-07-17,20,142033,14.2033,35.508250000000004
2020-07-17,21,100178,10.017800000000001,25.0445
2020-07-17,22,168289,16.8289,42.072250000000004
2020-07-17,23,123679,12.3679,30.91975
2020-07-18,0,106196,10.6196,26.549
2020-07-18,1,74407,7.4407000000000005,18.60175
2020-07-18,2,68039,6.8039000000000005,17.00975
2020-07-18,3,140931,14.093100000000002,35.23275
2020-07-18,4,299170,29.917,74.7925
2020-07-18,5,161414,16.1414,40.353500000000004
2020-07-18,6,183501,18.3501,45.87525
2020-07-18,7,241456,24.1456,60.364000000000004
2020-07-18,8,124289,12.4289,31.07225
2020-07-18,9,135088,13.5088,33.772
2020-07-18,10,69342,6.934200000000001,17.3355
2020-07-18,11,89505,8.9505,22.37625
2020-07-18,12,83941,8.3941,20.98525
2020-07-18,13,61470,6.147,15.3675
2020-07-18,14,48684,4.8684,12.171
2020-07-18,15,63922,6.3922,15.980500000000001
2020-07-18,16,64390,6.439,16.0975
2020-07-18,17,88542,8.8542,22.1355
2020-07-18,18,102936,10.2936,25.734
2020-07-18,19,212385,21.238500000000002,53.09625
2020-07-18,20,108832,10.8832,27.208000000000002
2020-07-18,21,84793,8.4793,21.19825
2020-07-18,22,94967,9.4967,23.74175
2020-07-18,23,68242,6.8242,17.0605
2020-07-19,0,92287,9.2287,23.07175
2020-07-19,1,63995,6.399500000000001,15.998750000000001
2020-07-19,2,51655,5.165500000000001,12.91375
2020-07-19,3,47009,4.7009,11.75225
2020-07-19,4,139503,13.9503,34.875750000000004
2020-07-19,5,66189,6.6189,16.547250000000002
2020-07-19,6,74942,7.4942,18.735500000000002
2020-07-19,7,69233,6.9233,17.30825
2020-07-19,8,68757,6.8757,17.18925
2020-07-19,9,61771,6.1771,15.44275
2020-07-19,10,38066,3.8066,9.5165
2020-07-19,11,64536,6.453600000000001,16.134
2020-07-19,12,32863,3.2863,8.21575
2020-07-19,13,74639,7.463900000000001,18.65975
2020-07-19,14,37487,3.7487000000000004,9.37175
2020-07-19,15,90603,9.0603,22.650750000000002
2020-07-19,16,82730,8.273,20.6825
2020-07-19,17,43272,4.3272,10.818
2020-07-19,18,73668,7.3668000000000005,18.417
2020-07-19,19,82860,8.286,20.715
2020-07-19,20,76807,7.680700000000001,19.20175
2020-07-19,21,82965,8.2965,20.74125
2020-07-19,22,107562,10.7562,26.8905
2020-07-19,23,107608,10.7608,26.902
2020-07-20,0,171791,17.179100000000002,42.94775
2020-07-20,1,182696,18.2696,45.674
2020-07-20,2,128105,12.810500000000001,32.02625
2020-07-20,3,155100,15.510000000000002,38.775
2020-07-20,4,215319,21.5319,53.829750000000004
2020-07-20,5,205839,20.5839,51.45975
2020-07-20,6,322563,32.2563,80.64075
2020-07-20,7,348528,34.8528,87.132
2020-07-20,8,446119,44.611900000000006,111.52975
2020-07-20,9,496242,49.6242,124.0605
2020-07-20,10,448204,44.8204,112.051
2020-07-20,11,448332,44.833200000000005,112.083
2020-07-20,12,447034,44.7034,111.7585
2020-07-20,13,443391,44.3391,110.84775
2020-07-20,14,401079,40.1079,100.26975
2020-07-20,15,346328,34.6328,86.58200000000001
2020-07-20,16,337036,33.7036,84.259
2020-07-20,17,243794,24.3794,60.9485
2020-07-20,18,203559,20.355900000000002,50.88975
2020-07-20,19,221346,22.134600000000002,55.3365
2020-07-20,20,151837,15.1837,37.95925
2020-07-20,21,99161,9.9161,24.79025
2020-07-20,22,133604,13.3604,33.401
2020-07-20,23,104314,10.4314,26.078500000000002
2020-07-21,0,126314,12.631400000000001,31.578500000000002
2020-07-21,1,125374,12.5374,31.343500000000002
2020-07-21,2,154104,15.410400000000001,38.526
2020-07-21,3,185460,18.546,46.365
2020-07-21,4,147936,14.793600000000001,36.984
2020-07-21,5,141257,14.1257,35.31425
2020-07-21,6,214002,21.4002,53.5005
2020-07-21,7,326536,32.653600000000004,81.634
2020-07-21,8,431562,43.156200000000005,107.8905
2020-07-21,9,477064,47.7064,119.266
2020-07-21,10,479838,47.9838,119.9595
2020-07-21,11,429684,42.9684,107.421
2020-07-21,12,459458,45.945800000000006,114.8645
2020-07-21,13,439999,43.999900000000004,109.99975
2020-07-21,14,445693,44.569300000000005,111.42325
2020-07-21,15,394972,39.4972,98.743
2020-07-21,16,288829,28.882900000000003,72.20725
2020-07-21,17,258688,25.8688,64.672
2020-07-21,18,201358,20.1358,50.3395
2020-07-21,19,256894,25.689400000000003,64.2235
2020-07-21,20,204574,20.4574,51.1435
2020-07-21,21,103794,10.3794,25.9485
2020-07-21,22,206808,20.6808,51.702
2020-07-21,23,137218,13.7218,34.3045
2020-07-22,0,167389,16.7389,41.84725
2020-07-22,1,131190,13.119,32.7975
2020-07-22,2,134919,13.491900000000001,33.72975
2020-07-22,3,162783,16.2783,40.695750000000004
2020-07-22,4,226625,22.6625,56.65625
2020-07-22,5,223900,22.39,55.975
2020-07-22,6,293077,29.3077,73.26925
2020-07-22,7,413966,41.3966,103.4915
2020-07-22,8,489239,48.9239,122.30975000000001
2020-07-22,9,528847,52.8847,132.21175
2020-07-22,10,479474,47.9474,119.8685
2020-07-22,11,445953,44.5953,111.48825000000001
2020-07-22,12,428296,42.8296,107.074
2020-07-22,13,404677,40.4677,101.16925
2020-07-22,14,385574,38.5574,96.3935
2020-07-22,15,335571,33.5571,83.89275
2020-07-22,16,257218,25.7218,64.3045
2020-07-22,17,200678,20.067800000000002,50.1695
2020-07-22,18,147802,14.7802,36.9505
2020-07-22,19,79762,7.9762,19.9405
2020-07-22,20,132586,13.258600000000001,33.1465
2020-07-22,21,97659,9.7659,24.41475
2020-07-22,22,133431,13.343100000000002,33.35775
2020-07-22,23,109569,10.956900000000001,27.39225
2020-07-23,0,188247,18.8247,47.06175
2020-07-23,1,168248,16.8248,42.062
2020-07-23,2,137746,13.774600000000001,34.4365
2020-07-23,3,133962,13.3962,33.4905
2020-07-23,4,214872,21.4872,53.718
2020-07-23,5,193378,19.3378,48.344500000000004
2020-07-23,6,283356,28.335600000000003,70.839
2020-07-23,7,430978,43.0978,107.7445
2020-07-23,8,445353,44.5353,111.33825
2020-07-23,9,493706,49.3706,123.4265
2020-07-23,10,482968,48.296800000000005,120.742
2020-07-23,11,389179,38.9179,97.29475000000001
2020-07-23,12,368874,36.8874,92.2185
2020-07-23,13,393302,39.330200000000005,98.3255
2020-07-23,14,378264,37.8264,94.566
2020-07-23,15,315298,31.5298,78.8245
2020-07-23,16,302346,30.2346,75.5865
2020-07-23,17,208242,20.8242,52.0605
2020-07-23,18,155823,15.5823,38.95575
2020-07-23,19,206178,20.617800000000003,51.5445
2020-07-23,20,135572,13.5572,33.893
2020-07-23,21,71872,7.187200000000001,17.968
2020-07-23,22,84033,8.4033,21.00825
2020-07-23,23,79737,7.9737,19.93425
2020-07-24,0,128856,12.8856,32.214
2020-07-24,1,238029,23.8029,59.50725
2020-07-24,2,169117,16.9117,42.27925
2020-07-24,3,190591,19.0591,47.64775
2020-07-24,4,212388,21.2388,53.097
2020-07-24,5,194099,19.4099,48.524750000000004
2020-07-24,6,232712,23.2712,58.178000000000004
2020-07-24,7,399276,39.927600000000005,99.819
2020-07-24,8,457225,45.722500000000004,114.30625
2020-07-24,9,431001,43.100100000000005,107.75025000000001
2020-07-24,10,413880,41.388000000000005,103.47
2020-07-24,11,369711,36.9711,92.42775
2020-07-24,12,321226,32.1226,80.3065
2020-07-24,13,315126,31.512600000000003,78.78150000000001
2020-07-24,14,319920,31.992,79.98
2020-07-24,15,297671,29.767100000000003,74.41775
2020-07-24,16,222291,22.229100000000003,55.57275
2020-07-24,17,178509,17.8509,44.627250000000004
2020-07-24,18,143099,14.3099,35.77475
2020-07-24,19,200217,20.021700000000003,50.05425
2020-07-24,20,130694,13.0694,32.673500000000004
2020-07-24,21,77249,7.724900000000001,19.31225
2020-07-24,22,111358,11.1358,27.8395
2020-07-24,23,71446,7.1446000000000005,17.8615
2020-07-25,0,79317,7.9317,19.829250000000002
2020-07-25,1,72280,7.228000000000001,18.07
2020-07-25,2,84780,8.478,21.195
2020-07-25,3,152161,15.2161,38.04025
2020-07-25,4,120820,12.082,30.205000000000002
2020-07-25,5,207096,20.709600000000002,51.774
2020-07-25,6,206265,20.6265,51.566250000000004
2020-07-25,7,263419,26.341900000000003,65.85475
2020-07-25,8,199612,19.9612,49.903
2020-07-25,9,167782,16.778200000000002,41.9455
2020-07-25,10,154397,15.4397,38.59925
2020-07-25,11,79269,7.926900000000001,19.81725
2020-07-25,12,79468,7.9468000000000005,19.867
2020-07-25,13,51119,5.1119,12.77975
2020-07-25,14,40440,4.0440000000000005,10.11
2020-07-25,15,40984,4.0984,10.246
2020-07-25,16,34568,3.4568000000000003,8.642
2020-07-25,17,75255,7.5255,18.81375
2020-07-25,18,75501,7.5501000000000005,18.87525
2020-07-25,19,182468,18.2468,45.617000000000004
2020-07-25,20,98392,9.8392,24.598
2020-07-25,21,58771,5.8771,14.69275
2020-07-25,22,77765,7.7765,19.44125
2020-07-25,23,53786,5.3786000000000005,13.4465
2020-07-26,0,132795,13.2795,33.198750000000004
2020-07-26,1,65407,6.5407,16.35175
2020-07-26,2,37673,3.7673,9.41825
2020-07-26,3,35221,3.5221,8.805250000000001
2020-07-26,4,114562,11.4562,28.6405
2020-07-26,5,57038,5.7038,14.259500000000001
2020-07-26,6,52851,5.2851,13.21275
2020-07-26,7,72714,7.271400000000001,18.1785
2020-07-26,8,57036,5.703600000000001,14.259
2020-07-26,9,53511,5.351100000000001,13.37775
2020-07-26,10,29236,2.9236,7.309
2020-07-26,11,65161,6.516100000000001,16.29025
2020-07-26,12,34210,3.4210000000000003,8.5525
2020-07-26,13,77784,7.7784,19.446
2020-07-26,14,41584,4.1584,10.396
2020-07-26,15,74679,7.4679,18.66975
2020-07-26,16,60374,6.0374,15.0935
2020-07-26,17,94386,9.438600000000001,23.5965
2020-07-26,18,42399,4.2399000000000004,10.59975
2020-07-26,19,61888,6.1888000000000005,15.472
2020-07-26,20,96956,9.6956,24.239
2020-07-26,21,68148,6.8148,17.037
2020-07-26,22,91979,9.1979,22.99475
2020-07-26,23,88494,8.849400000000001,22.1235
2020-07-27,0,164049,16.4049,41.01225
2020-07-27,1,99572,9.9572,24.893
2020-07-27,2,139374,13.9374,34.8435
2020-07-27,3,182851,18.2851,45.71275
2020-07-27,4,140742,14.074200000000001,35.1855
2020-07-27,5,210273,21.0273,52.56825
2020-07-27,6,338190,33.819,84.5475
2020-07-27,7,393277,39.3277,98.31925
2020-07-27,8,511453,51.145300000000006,127.86325000000001
2020-07-27,9,528712,52.8712,132.178
2020-07-27,10,510846,51.0846,127.7115
2020-07-27,11,448399,44.8399,112.09975
2020-07-27,12,454227,45.4227,113.55675000000001
2020-07-27,13,456877,45.6877,114.21925
2020-07-27,14,447173,44.7173,111.79325
2020-07-27,15,401331,40.1331,100.33275
2020-07-27,16,338936,33.8936,84.73400000000001
2020-07-27,17,239106,23.910600000000002,59.7765
2020-07-27,18,201583,20.1583,50.39575
2020-07-27,19,206604,20.660400000000003,51.651
2020-07-27,20,153880,15.388,38.47
2020-07-27,21,144178,14.417800000000002,36.0445
2020-07-27,22,131621,13.1621,32.90525
2020-07-27,23,73366,7.336600000000001,18.3415
2020-07-28,0,65866,6.586600000000001,16.4665
2020-07-28,1,175332,17.5332,43.833
2020-07-28,2,146886,14.688600000000001,36.7215
2020-07-28,3,188664,18.866400000000002,47.166000000000004
2020-07-28,4,161485,16.148500000000002,40.37125
2020-07-28,5,127460,12.746,31.865000000000002
2020-07-28,6,209993,20.9993,52.49825
2020-07-28,7,324309,32.4309,81.07725
2020-07-28,8,422622,42.2622,105.6555
2020-07-28,9,434675,43.4675,108.66875
2020-07-28,10,474586,47.458600000000004,118.6465
2020-07-28,11,380425,38.042500000000004,95.10625
2020-07-28,12,389161,38.9161,97.29025
2020-07-28,13,422851,42.2851,105.71275
2020-07-28,14,408207,40.8207,102.05175
2020-07-28,15,355855,35.5855,88.96375
2020-07-28,16,265558,26.5558,66.3895
2020-07-28,17,189094,18.9094,47.2735
2020-07-28,18,226062,22.6062,56.5155
2020-07-28,19,253729,25.3729,63.43225
2020-07-28,20,167767,16.7767,41.94175
2020-07-28,21,103550,10.355,25.8875
2020-07-28,22,109765,10.9765,27.44125
2020-07-28,23,107285,10.7285,26.82125
2020-07-29,0,187963,18.796300000000002,46.99075
2020-07-29,1,199077,19.907700000000002,49.76925
2020-07-29,2,142766,14.2766,35.6915
2020-07-29,3,160347,16.0347,40.08675
2020-07-29,4,172820,17.282,43.205
2020-07-29,5,248003,24.8003,62.000750000000004
2020-07-29,6,311306,31.1306,77.8265
2020-07-29,7,376999,37.6999,94.24975
2020-07-29,8,430543,43.054300000000005,107.63575
2020-07-29,9,489908,48.9908,122.477
2020-07-29,10,464584,46.458400000000005,116.146
2020-07-29,11,416615,41.661500000000004,104.15375
2020-07-29,12,431536,43.153600000000004,107.884
2020-07-29,13,386667,38.6667,96.66675000000001
2020-07-29,14,373816,37.3816,93.45400000000001
2020-07-29,15,344791,34.4791,86.19775
2020-07-29,16,270522,27.052200000000003,67.6305
2020-07-29,17,219266,21.9266,54.8165
2020-07-29,18,150120,15.012,37.53
2020-07-29,19,199380,19.938000000000002,49.845
2020-07-29,20,159147,15.914700000000002,39.78675
2020-07-29,21,99815,9.9815,24.95375
2020-07-29,22,97869,9.786900000000001,24.46725
2020-07-29,23,87751,8.7751,21.93775
2020-07-30,0,162461,16.246100000000002,40.61525
2020-07-30,1,153749,15.3749,38.43725
2020-07-30,2,105576,10.5576,26.394000000000002
2020-07-30,3,156452,15.6452,39.113
2020-07-30,4,159224,15.922400000000001,39.806
2020-07-30,5,208663,20.866300000000003,52.16575
2020-07-30,6,261793,26.1793,65.44825
2020-07-30,7,407076,40.7076,101.769
2020-07-30,8,427684,42.7684,106.921
2020-07-30,9,479791,47.9791,119.94775
2020-07-30,10,425577,42.557700000000004,106.39425
2020-07-30,11,375128,37.5128,93.782
2020-07-30,12,391426,39.1426,97.8565
2020-07-30,13,390328,39.0328,97.58200000000001
2020-07-30,14,360354,36.0354,90.0885
2020-07-30,15,319270,31.927000000000003,79.8175
2020-07-30,16,214744,21.4744,53.686
2020-07-30,17,137812,13.7812,34.453
2020-07-30,18,138962,13.8962,34.7405
2020-07-30,19,119238,11.9238,29.8095
2020-07-30,20,91715,9.1715,22.92875
2020-07-30,21,58090,5.809,14.5225
2020-07-30,22,35098,3.5098000000000003,8.7745
2020-07-30,23,51527,5.1527,12.88175
2020-07-31,0,105809,10.5809,26.45225
2020-07-31,1,111570,11.157,27.892500000000002
2020-07-31,2,132144,13.214400000000001,33.036
2020-07-31,3,163686,16.3686,40.9215
2020-07-31,4,151118,15.1118,37.7795
2020-07-31,5,181278,18.1278,45.3195
2020-07-31,6,229820,22.982000000000003,57.455
2020-07-31,7,360794,36.0794,90.1985
2020-07-31,8,383782,38.3782,95.9455
2020-07-31,9,452263,45.2263,113.06575000000001
2020-07-31,10,408410,40.841,102.1025
2020-07-31,11,332873,33.2873,83.21825
2020-07-31,12,334613,33.4613,83.65325
2020-07-31,13,356817,35.6817,89.20425
2020-07-31,14,300243,30.0243,75.06075
2020-07-31,15,280808,28.0808,70.202
2020-07-31,16,204688,20.4688,51.172000000000004
2020-07-31,17,193838,19.3838,48.4595
2020-07-31,18,133717,13.3717,33.42925
2020-07-31,19,213296,21.329600000000003,53.324
2020-07-31,20,171887,17.1887,42.97175
2020-07-31,21,102330,10.233,25.5825
2020-07-31,22,103423,10.3423,25.85575
2020-07-31,23,134420,13.442,33.605000000000004
2020-08-01,0,252087,25.2087,63.021750000000004
2020-08-01,1,226548,22.6548,56.637
2020-08-01,2,229410,22.941000000000003,57.3525
2020-08-01,3,339188,33.918800000000005,84.797
2020-08-01,4,321354,32.135400000000004,80.3385
2020-08-01,5,215622,21.5622,53.9055
2020-08-01,6,253031,25.3031,63.25775
2020-08-01,7,347826,34.7826,86.9565
2020-08-01,8,275131,27.5131,68.78275000000001
2020-08-01,9,192419,19.2419,48.10475
2020-08-01,10,140918,14.091800000000001,35.2295
2020-08-01,11,132669,13.266900000000001,33.16725
2020-08-01,12,114713,11.471300000000001,28.678250000000002
2020-08-01,13,113054,11.3054,28.2635
2020-08-01,14,97318,9.7318,24.3295
2020-08-01,15,100781,10.078100000000001,25.19525
2020-08-01,16,78158,7.8158,19.5395
2020-08-01,17,88755,8.8755,22.18875
2020-08-01,18,79233,7.9233,19.80825
2020-08-01,19,185501,18.5501,46.37525
2020-08-01,20,139439,13.943900000000001,34.85975
2020-08-01,21,86263,8.6263,21.56575
2020-08-01,22,90688,9.068800000000001,22.672
2020-08-01,23,74711,7.471100000000001,18.67775
2020-08-02,0,149582,14.958200000000001,37.3955
2020-08-02,1,154398,15.4398,38.5995
2020-08-02,2,86441,8.6441,21.61025
2020-08-02,3,81491,8.1491,20.37275
2020-08-02,4,158451,15.8451,39.61275
2020-08-02,5,110285,11.028500000000001,27.57125
2020-08-02,6,81668,8.1668,20.417
2020-08-02,7,86967,8.6967,21.74175
2020-08-02,8,88002,8.8002,22.0005
2020-08-02,9,66738,6.6738,16.6845
2020-08-02,10,36135,3.6135,9.03375
2020-08-02,11,73203,7.3203000000000005,18.30075
2020-08-02,12,52122,5.2122,13.0305
2020-08-02,13,102745,10.2745,25.68625
2020-08-02,14,87614,8.7614,21.9035
2020-08-02,15,89743,8.974300000000001,22.43575
2020-08-02,16,87205,8.720500000000001,21.80125
2020-08-02,17,82843,8.2843,20.71075
2020-08-02,18,57513,5.7513000000000005,14.37825
2020-08-02,19,70356,7.0356000000000005,17.589
2020-08-02,20,109009,10.9009,27.25225
2020-08-02,21,97094,9.7094,24.273500000000002
2020-08-02,22,112430,11.243,28.1075
2020-08-02,23,97452,9.7452,24.363
2020-08-03,0,214927,21.492700000000003,53.73175
2020-08-03,1,218691,21.8691,54.67275
2020-08-03,2,170817,17.0817,42.70425
2020-08-03,3,215539,21.553900000000002,53.884750000000004
2020-08-03,4,187015,18.7015,46.753750000000004
2020-08-03,5,167176,16.7176,41.794000000000004
2020-08-03,6,332702,33.2702,83.1755
2020-08-03,7,447181,44.7181,111.79525
2020-08-03,8,567319,56.7319,141.82975
2020-08-03,9,565342,56.534200000000006,141.3355
2020-08-03,10,547937,54.7937,136.98425
2020-08-03,11,510711,51.0711,127.67775
2020-08-03,12,462062,46.2062,115.5155
2020-08-03,13,524332,52.4332,131.083
2020-08-03,14,507645,50.764500000000005,126.91125000000001
2020-08-03,15,451100,45.11,112.775
2020-08-03,16,376619,37.6619,94.15475
2020-08-03,17,333566,33.3566,83.39150000000001
2020-08-03,18,259762,25.976200000000002,64.9405
2020-08-03,19,297346,29.7346,74.3365
2020-08-03,20,242194,24.2194,60.548500000000004
2020-08-03,21,120490,12.049000000000001,30.122500000000002
2020-08-03,22,125185,12.518500000000001,31.29625
2020-08-03,23,84703,8.4703,21.17575
2020-08-04,0,127344,12.7344,31.836000000000002
2020-08-04,1,124211,12.421100000000001,31.05275
2020-08-04,2,153579,15.3579,38.39475
2020-08-04,3,203579,20.3579,50.89475
2020-08-04,4,163682,16.3682,40.920500000000004
2020-08-04,5,231827,23.1827,57.95675
2020-08-04,6,332762,33.2762,83.1905
2020-08-04,7,517101,51.710100000000004,129.27525
2020-08-04,8,542281,54.228100000000005,135.57025000000002
2020-08-04,9,557904,55.790400000000005,139.476
2020-08-04,10,586577,58.657700000000006,146.64425
2020-08-04,11,544079,54.407900000000005,136.01975000000002
2020-08-04,12,545263,54.5263,136.31575
2020-08-04,13,523592,52.3592,130.898
2020-08-04,14,540872,54.0872,135.218
2020-08-04,15,510936,51.0936,127.73400000000001
2020-08-04,16,378998,37.8998,94.7495
2020-08-04,17,347453,34.7453,86.86325000000001
2020-08-04,18,288627,28.8627,72.15675
2020-08-04,19,227326,22.7326,56.8315
2020-08-04,20,245380,24.538,61.345
2020-08-04,21,149716,14.9716,37.429
2020-08-04,22,110978,11.097800000000001,27.744500000000002
2020-08-04,23,96065,9.6065,24.01625
2020-08-05,0,166928,16.692800000000002,41.732
2020-08-05,1,147614,14.7614,36.9035
2020-08-05,2,162030,16.203,40.5075
2020-08-05,3,141882,14.1882,35.4705
2020-08-05,4,172079,17.207900000000002,43.01975
2020-08-05,5,182082,18.2082,45.5205
2020-08-05,6,211868,21.1868,52.967
2020-08-05,7,397371,39.737100000000005,99.34275
2020-08-05,8,476041,47.6041,119.01025
2020-08-05,9,548682,54.8682,137.1705
2020-08-05,10,548276,54.827600000000004,137.06900000000002
2020-08-05,11,460564,46.056400000000004,115.141
2020-08-05,12,415164,41.516400000000004,103.791
2020-08-05,13,400869,40.0869,100.21725
2020-08-05,14,397611,39.7611,99.40275
2020-08-05,15,335872,33.5872,83.968
2020-08-05,16,257452,25.7452,64.363
2020-08-05,17,186698,18.669800000000002,46.6745
2020-08-05,18,167428,16.742800000000003,41.857
2020-08-05,19,155810,15.581000000000001,38.9525
2020-08-05,20,247315,24.7315,61.82875
2020-08-05,21,138737,13.873700000000001,34.68425
2020-08-05,22,108490,10.849,27.122500000000002
2020-08-05,23,87317,8.7317,21.829250000000002